Base,Rank,Confidence,Distance,Avg_Energy,Std_Energy,Hbond,RMSD_Top,Population,Num_Clusters,RMSD_Mean,RMSD_Mode,RMSD_Std,Class,MaxAbsEStateIndex,MaxEStateIndex,MinAbsEStateIndex,MinEStateIndex,qed,SPS,MolWt,HeavyAtomMolWt,ExactMolWt,NumValenceElectrons,NumRadicalElectrons,MaxPartialCharge,MinPartialCharge,MaxAbsPartialCharge,MinAbsPartialCharge,FpDensityMorgan1,FpDensityMorgan2,FpDensityMorgan3,BCUT2D_MWHI,BCUT2D_MWLOW,BCUT2D_CHGHI,BCUT2D_CHGLO,BCUT2D_LOGPHI,BCUT2D_LOGPLOW,BCUT2D_MRHI,BCUT2D_MRLOW,AvgIpc,BalabanJ,BertzCT,Chi0,Chi0n,Chi0v,Chi1,Chi1n,Chi1v,Chi2n,Chi2v,Chi3n,Chi3v,Chi4n,Chi4v,HallKierAlpha,Ipc,Kappa1,Kappa2,Kappa3,LabuteASA,PEOE_VSA1,PEOE_VSA10,PEOE_VSA11,PEOE_VSA12,PEOE_VSA13,PEOE_VSA14,PEOE_VSA2,PEOE_VSA3,PEOE_VSA4,PEOE_VSA5,PEOE_VSA6,PEOE_VSA7,PEOE_VSA8,PEOE_VSA9,SMR_VSA1,SMR_VSA10,SMR_VSA2,SMR_VSA3,SMR_VSA4,SMR_VSA5,SMR_VSA6,SMR_VSA7,SMR_VSA8,SMR_VSA9,SlogP_VSA1,SlogP_VSA10,SlogP_VSA11,SlogP_VSA12,SlogP_VSA2,SlogP_VSA3,SlogP_VSA4,SlogP_VSA5,SlogP_VSA6,SlogP_VSA7,SlogP_VSA8,SlogP_VSA9,TPSA,EState_VSA1,EState_VSA10,EState_VSA11,EState_VSA2,EState_VSA3,EState_VSA4,EState_VSA5,EState_VSA6,EState_VSA7,EState_VSA8,EState_VSA9,VSA_EState1,VSA_EState10,VSA_EState2,VSA_EState3,VSA_EState4,VSA_EState5,VSA_EState6,VSA_EState7,VSA_EState8,VSA_EState9,FractionCSP3,HeavyAtomCount,NHOHCount,NOCount,NumAliphaticCarbocycles,NumAliphaticHeterocycles,NumAliphaticRings,NumAromaticCarbocycles,NumAromaticHeterocycles,NumAromaticRings,NumHAcceptors,NumHDonors,NumHeteroatoms,NumRotatableBonds,NumSaturatedCarbocycles,NumSaturatedHeterocycles,NumSaturatedRings,RingCount,MolLogP,MolMR,fr_Al_COO,fr_Al_OH,fr_Al_OH_noTert,fr_ArN,fr_Ar_COO,fr_Ar_N,fr_Ar_NH,fr_Ar_OH,fr_COO,fr_COO2,fr_C_O,fr_C_O_noCOO,fr_C_S,fr_HOCCN,fr_Imine,fr_NH0,fr_NH1,fr_NH2,fr_N_O,fr_Ndealkylation1,fr_Ndealkylation2,fr_Nhpyrrole,fr_SH,fr_aldehyde,fr_alkyl_carbamate,fr_alkyl_halide,fr_allylic_oxid,fr_amide,fr_amidine,fr_aniline,fr_aryl_methyl,fr_azide,fr_azo,fr_barbitur,fr_benzene,fr_benzodiazepine,fr_bicyclic,fr_diazo,fr_dihydropyridine,fr_epoxide,fr_ester,fr_ether,fr_furan,fr_guanido,fr_halogen,fr_hdrzine,fr_hdrzone,fr_imidazole,fr_imide,fr_isocyan,fr_isothiocyan,fr_ketone,fr_ketone_Topliss,fr_lactam,fr_lactone,fr_methoxy,fr_morpholine,fr_nitrile,fr_nitro,fr_nitro_arom,fr_nitro_arom_nonortho,fr_nitroso,fr_oxazole,fr_oxime,fr_para_hydroxylation,fr_phenol,fr_phenol_noOrthoHbond,fr_phos_acid,fr_phos_ester,fr_piperdine,fr_piperzine,fr_priamide,fr_prisulfonamd,fr_pyridine,fr_quatN,fr_sulfide,fr_sulfonamd,fr_sulfone,fr_term_acetylene,fr_tetrazole,fr_thiazole,fr_thiocyan,fr_thiophene,fr_unbrch_alkane,fr_urea
base2081-iso0,rank1_mod,-0.03,0.556,-14.8363,2.8739,1.0,1.7591,0.799,186,3.7577152966666665,1.7709,5.898312600402904,1,5.70584421809485,5.70584421809485,0.35546338288401835,0.35546338288401835,0.7127460753334987,10.944444444444445,246.23,236.14999999999998,246.08652356,92,0,0.25360001068593474,-0.47882381971531535,0.47882381971531535,0.25360001068593474,1.3888888888888888,2.2777777777777777,3.0555555555555554,16.53012444711773,10.331127421727338,2.1567365774159004,-2.0833570469895992,2.2223399624032862,-2.082771225520234,5.639498345184236,0.3235701460861601,3.014023413920602,1.9530888332380751,645.6898316930802,12.535169427003234,9.569072416372567,9.569072416372567,8.775188245478668,5.185706874895873,5.185706874895873,3.6391802546483563,3.6391802546483563,2.5021875770626867,2.5021875770626867,1.6471003962283417,1.6471003962283417,-2.64,26827.822407307278,10.5099500945019,3.9853719312561573,1.6323710611985829,101.75134596831525,19.560725015726938,12.021248069613002,17.402514694709396,0.0,5.879988336435371,0.0,0.0,14.951935562841626,0.0,0.0,0.0,5.156663257125445,6.06636706846161,19.98187402195465,9.259957890773396,5.817862777835028,0.0,24.675698467758423,0.0,6.544756405912575,12.84346501843972,24.481254636865135,0.0,17.39832082928376,10.470530430962235,5.817862777835028,5.879988336435371,0.0,31.785496009035956,6.544756405912575,0.0,5.760247418874442,23.24410215496404,0.0,11.518332492848387,0.0,104.88000000000001,0.0,0.0,0.0,0.0,35.52118743190581,0.0,13.437117616042075,16.960786791017505,0.0,20.10859881996707,14.993625367935582,11.834995643319058,0.0,12.24020455404384,3.724425390526581,6.278974125922178,2.067895460653398,1.699959372637944,3.0292847694633407,0.42939814814814836,1.5281958686188484,0.2,18,2,8,0,2,2,0,1,1,8,1,8,3,0,0,0,3,0.40499999999999986,61.00840000000001,0,0,0,1,0,5,0,0,0,0,0,0,0,0,0,5,0,1,0,0,0,0,0,0,0,0,0,0,0,1,0,0,0,0,0,0,1,0,0,0,0,1,0,0,0,0,0,1,0,0,0,0,0,0,0,1,0,0,0,0,0,0,0,0,0,0,0,0,0,0,0,0,0,0,0,0,0,0,0,0,0,0,0,0,0
base2081-iso0,rank2_mod,-0.47,0.591,-9.4269,2.6669,2.0,4.1357,0.084,2017,23.511961033333332,3.9731,10.484512346360747,1,5.70584421809485,5.70584421809485,0.35546338288401835,0.35546338288401835,0.7127460753334987,10.944444444444445,246.23,236.14999999999998,246.08652356,92,0,0.25360001068593474,-0.47882381971531535,0.47882381971531535,0.25360001068593474,1.3888888888888888,2.2777777777777777,3.0555555555555554,16.53012444711773,10.331127421727338,2.1567365774159004,-2.0833570469895992,2.2223399624032862,-2.082771225520234,5.639498345184236,0.3235701460861601,3.014023413920602,1.9530888332380751,645.6898316930802,12.535169427003234,9.569072416372567,9.569072416372567,8.775188245478668,5.185706874895873,5.185706874895873,3.6391802546483563,3.6391802546483563,2.5021875770626867,2.5021875770626867,1.6471003962283417,1.6471003962283417,-2.64,26827.822407307278,10.5099500945019,3.9853719312561573,1.6323710611985829,101.75134596831525,19.560725015726938,12.021248069613002,17.402514694709396,0.0,5.879988336435371,0.0,0.0,14.951935562841626,0.0,0.0,0.0,5.156663257125445,6.06636706846161,19.98187402195465,9.259957890773396,5.817862777835028,0.0,24.675698467758423,0.0,6.544756405912575,12.84346501843972,24.481254636865135,0.0,17.39832082928376,10.470530430962235,5.817862777835028,5.879988336435371,0.0,31.785496009035956,6.544756405912575,0.0,5.760247418874442,23.24410215496404,0.0,11.518332492848387,0.0,104.88000000000001,0.0,0.0,0.0,0.0,35.52118743190581,0.0,13.437117616042075,16.960786791017505,0.0,20.10859881996707,14.993625367935582,11.834995643319058,0.0,12.24020455404384,3.724425390526581,6.278974125922178,2.067895460653398,1.699959372637944,3.0292847694633407,0.42939814814814836,1.5281958686188484,0.2,18,2,8,0,2,2,0,1,1,8,1,8,3,0,0,0,3,0.40499999999999986,61.00840000000001,0,0,0,1,0,5,0,0,0,0,0,0,0,0,0,5,0,1,0,0,0,0,0,0,0,0,0,0,0,1,0,0,0,0,0,0,1,0,0,0,0,1,0,0,0,0,0,1,0,0,0,0,0,0,0,1,0,0,0,0,0,0,0,0,0,0,0,0,0,0,0,0,0,0,0,0,0,0,0,0,0,0,0,0,0
base2081-iso0,rank3_mod,-0.49,0.592,-9.7089,5.4747,0.0,4.1274,0.055,2148,25.137532609999997,21.3144,10.265870345051164,1,5.70584421809485,5.70584421809485,0.35546338288401835,0.35546338288401835,0.7127460753334987,10.944444444444445,246.23,236.14999999999998,246.08652356,92,0,0.25360001068593474,-0.47882381971531535,0.47882381971531535,0.25360001068593474,1.3888888888888888,2.2777777777777777,3.0555555555555554,16.53012444711773,10.331127421727338,2.1567365774159004,-2.0833570469895992,2.2223399624032862,-2.082771225520234,5.639498345184236,0.3235701460861601,3.014023413920602,1.9530888332380751,645.6898316930802,12.535169427003234,9.569072416372567,9.569072416372567,8.775188245478668,5.185706874895873,5.185706874895873,3.6391802546483563,3.6391802546483563,2.5021875770626867,2.5021875770626867,1.6471003962283417,1.6471003962283417,-2.64,26827.822407307278,10.5099500945019,3.9853719312561573,1.6323710611985829,101.75134596831525,19.560725015726938,12.021248069613002,17.402514694709396,0.0,5.879988336435371,0.0,0.0,14.951935562841626,0.0,0.0,0.0,5.156663257125445,6.06636706846161,19.98187402195465,9.259957890773396,5.817862777835028,0.0,24.675698467758423,0.0,6.544756405912575,12.84346501843972,24.481254636865135,0.0,17.39832082928376,10.470530430962235,5.817862777835028,5.879988336435371,0.0,31.785496009035956,6.544756405912575,0.0,5.760247418874442,23.24410215496404,0.0,11.518332492848387,0.0,104.88000000000001,0.0,0.0,0.0,0.0,35.52118743190581,0.0,13.437117616042075,16.960786791017505,0.0,20.10859881996707,14.993625367935582,11.834995643319058,0.0,12.24020455404384,3.724425390526581,6.278974125922178,2.067895460653398,1.699959372637944,3.0292847694633407,0.42939814814814836,1.5281958686188484,0.2,18,2,8,0,2,2,0,1,1,8,1,8,3,0,0,0,3,0.40499999999999986,61.00840000000001,0,0,0,1,0,5,0,0,0,0,0,0,0,0,0,5,0,1,0,0,0,0,0,0,0,0,0,0,0,1,0,0,0,0,0,0,1,0,0,0,0,1,0,0,0,0,0,1,0,0,0,0,0,0,0,1,0,0,0,0,0,0,0,0,0,0,0,0,0,0,0,0,0,0,0,0,0,0,0,0,0,0,0,0,0
base2063-iso0,rank1_mod,0.13,0.696,-11.8225,3.5839,1.0,4.1374,0.089,2118,22.129543743333333,4.3346,11.503053246041253,1,10.483068783068783,10.483068783068783,0.0897014361300077,-0.8136864606953893,0.7984318129092666,10.5625,220.23200000000003,208.13599999999997,220.096025624,84,0,0.30464141844288184,-0.4811815002447044,0.4811815002447044,0.30464141844288184,1.5625,2.375,3.125,16.365270294316815,10.30435083657375,2.095100008268569,-2.1671378344795555,2.2001487419928325,-2.2172669803951495,5.867592512628675,-0.13628694475298833,2.7280533446039104,2.2463751104197955,508.2432679367688,11.543605595440512,8.843367042405669,8.843367042405669,7.681540550352055,4.892627470359199,4.892627470359199,3.502522362059165,3.502522362059165,2.355579222246411,2.355579222246411,1.5321339931454996,1.5321339931454996,-2.11,6288.162959312013,10.409231922840476,4.175800544968619,1.9500960817047155,91.93688201416907,14.990415646638393,17.7923600733673,0.0,0.0,0.0,5.969305287951849,4.794537184071822,9.967957041894417,0.0,0.0,0.0,6.06636706846161,19.789271960202843,11.807045837390806,9.901064578912528,22.820569501019403,0.0,14.951935562841626,0.0,6.4208216229260096,18.492338119440245,18.59053071483923,0.0,0.0,4.899909730850478,5.817862777835028,0.0,0.0,39.620196634223944,4.794537184071822,0.0,6.4208216229260096,18.59053071483923,0.0,11.033401435232523,0.0,82.10999999999999,5.969305287951849,4.794537184071822,0.0,6.4208216229260096,6.544756405912575,16.85126421306755,6.3273200747645415,6.196843571613076,18.013948781989278,14.951935562841626,5.106527394840706,0.0,0.0,23.50883621504157,9.515459656084655,0.7566435185185189,-0.07063090513983361,1.876918461829176,3.339023053665911,0.4232407407407408,1.817175925925926,0.3,16,2,6,0,0,0,0,2,2,4,2,6,4,0,0,0,2,0.8687999999999998,59.41150000000002,1,0,0,0,0,3,1,0,1,1,1,0,0,0,0,3,1,0,0,0,0,1,0,0,0,0,0,0,0,1,0,0,0,0,0,0,1,0,0,0,0,0,0,0,0,0,0,0,0,0,0,0,0,0,0,0,0,0,0,0,0,0,0,0,0,0,0,0,0,0,0,0,0,0,0,0,0,0,0,0,0,0,0,0,0
base2063-iso0,rank2_mod,-0.09,0.54,-14.2149,3.7469,2.0,6.2235,0.129,1765,21.74681121,24.8781,10.71203182455249,1,10.483068783068783,10.483068783068783,0.0897014361300077,-0.8136864606953893,0.7984318129092666,10.5625,220.23200000000003,208.13599999999997,220.096025624,84,0,0.30464141844288184,-0.4811815002447044,0.4811815002447044,0.30464141844288184,1.5625,2.375,3.125,16.365270294316815,10.30435083657375,2.095100008268569,-2.1671378344795555,2.2001487419928325,-2.2172669803951495,5.867592512628675,-0.13628694475298833,2.7280533446039104,2.2463751104197955,508.2432679367688,11.543605595440512,8.843367042405669,8.843367042405669,7.681540550352055,4.892627470359199,4.892627470359199,3.502522362059165,3.502522362059165,2.355579222246411,2.355579222246411,1.5321339931454996,1.5321339931454996,-2.11,6288.162959312013,10.409231922840476,4.175800544968619,1.9500960817047155,91.93688201416907,14.990415646638393,17.7923600733673,0.0,0.0,0.0,5.969305287951849,4.794537184071822,9.967957041894417,0.0,0.0,0.0,6.06636706846161,19.789271960202843,11.807045837390806,9.901064578912528,22.820569501019403,0.0,14.951935562841626,0.0,6.4208216229260096,18.492338119440245,18.59053071483923,0.0,0.0,4.899909730850478,5.817862777835028,0.0,0.0,39.620196634223944,4.794537184071822,0.0,6.4208216229260096,18.59053071483923,0.0,11.033401435232523,0.0,82.10999999999999,5.969305287951849,4.794537184071822,0.0,6.4208216229260096,6.544756405912575,16.85126421306755,6.3273200747645415,6.196843571613076,18.013948781989278,14.951935562841626,5.106527394840706,0.0,0.0,23.50883621504157,9.515459656084655,0.7566435185185189,-0.07063090513983361,1.876918461829176,3.339023053665911,0.4232407407407408,1.817175925925926,0.3,16,2,6,0,0,0,0,2,2,4,2,6,4,0,0,0,2,0.8687999999999998,59.41150000000002,1,0,0,0,0,3,1,0,1,1,1,0,0,0,0,3,1,0,0,0,0,1,0,0,0,0,0,0,0,1,0,0,0,0,0,0,1,0,0,0,0,0,0,0,0,0,0,0,0,0,0,0,0,0,0,0,0,0,0,0,0,0,0,0,0,0,0,0,0,0,0,0,0,0,0,0,0,0,0,0,0,0,0,0,0
base2063-iso0,rank3_mod,-0.33,0.55,-14.2069,2.8757,1.0,2.0862,0.464,605,10.968625293333332,2.1627,11.95047926579411,1,10.483068783068783,10.483068783068783,0.0897014361300077,-0.8136864606953893,0.7984318129092666,10.5625,220.23200000000003,208.13599999999997,220.096025624,84,0,0.30464141844288184,-0.4811815002447044,0.4811815002447044,0.30464141844288184,1.5625,2.375,3.125,16.365270294316815,10.30435083657375,2.095100008268569,-2.1671378344795555,2.2001487419928325,-2.2172669803951495,5.867592512628675,-0.13628694475298833,2.7280533446039104,2.2463751104197955,508.2432679367688,11.543605595440512,8.843367042405669,8.843367042405669,7.681540550352055,4.892627470359199,4.892627470359199,3.502522362059165,3.502522362059165,2.355579222246411,2.355579222246411,1.5321339931454996,1.5321339931454996,-2.11,6288.162959312013,10.409231922840476,4.175800544968619,1.9500960817047155,91.93688201416907,14.990415646638393,17.7923600733673,0.0,0.0,0.0,5.969305287951849,4.794537184071822,9.967957041894417,0.0,0.0,0.0,6.06636706846161,19.789271960202843,11.807045837390806,9.901064578912528,22.820569501019403,0.0,14.951935562841626,0.0,6.4208216229260096,18.492338119440245,18.59053071483923,0.0,0.0,4.899909730850478,5.817862777835028,0.0,0.0,39.620196634223944,4.794537184071822,0.0,6.4208216229260096,18.59053071483923,0.0,11.033401435232523,0.0,82.10999999999999,5.969305287951849,4.794537184071822,0.0,6.4208216229260096,6.544756405912575,16.85126421306755,6.3273200747645415,6.196843571613076,18.013948781989278,14.951935562841626,5.106527394840706,0.0,0.0,23.50883621504157,9.515459656084655,0.7566435185185189,-0.07063090513983361,1.876918461829176,3.339023053665911,0.4232407407407408,1.817175925925926,0.3,16,2,6,0,0,0,0,2,2,4,2,6,4,0,0,0,2,0.8687999999999998,59.41150000000002,1,0,0,0,0,3,1,0,1,1,1,0,0,0,0,3,1,0,0,0,0,1,0,0,0,0,0,0,0,1,0,0,0,0,0,0,1,0,0,0,0,0,0,0,0,0,0,0,0,0,0,0,0,0,0,0,0,0,0,0,0,0,0,0,0,0,0,0,0,0,0,0,0,0,0,0,0,0,0,0,0,0,0,0,0
base2056-iso0,rank1_mod,-0.25,1.92,-7.0634,2.1203,0.0,24.7586,0.044,2052,24.342278133333334,21.873,10.766372033022291,1,5.605092592592593,5.605092592592593,0.5375925925925928,0.5375925925925928,0.6058167298330608,10.181818181818182,145.16499999999996,138.10899999999998,145.063997224,54,0,0.1341883786384636,-0.3830817355860738,0.3830817355860738,0.1341883786384636,1.0909090909090908,1.9090909090909092,2.727272727272727,14.901150605715312,10.21980230870206,1.9508639759616184,-1.9632129302096537,2.1370000250283097,-1.9141533313522,5.867731036077231,1.2295972812236413,2.055950140473121,2.913161163604861,378.49888384538866,7.681798275874712,5.858528806137672,5.858528806137672,5.377010097711744,3.3296367787787196,3.3296367787787196,2.276058413064937,2.276058413064937,1.5736445750151147,1.5736445750151147,1.0256257260403219,1.0256257260403219,-1.64,505.7637345563877,6.094932395164055,2.196104623645067,0.9022145003756571,63.89225431013791,5.733667477162185,12.14518285259957,0.0,0.0,0.0,0.0,0.0,9.967957041894417,0.0,0.0,12.13273413692322,12.13273413692322,5.386224214464796,5.516700717616262,0.0,16.720787709916088,0.0,9.967957041894417,0.0,0.0,5.733667477162185,30.59278834861098,0.0,0.0,5.733667477162185,5.817862777835028,0.0,0.0,9.967957041894417,0.0,0.0,0.0,30.59278834861098,0.0,10.902924932081056,0.0,51.8,0.0,0.0,0.0,0.0,5.817862777835028,10.902924932081056,6.3273200747645415,0.0,24.26546827384644,9.967957041894417,5.733667477162185,0.0,0.0,7.924907407407407,0.9120370370370373,6.493981481481482,0.5375925925925928,7.661574074074074,1.4699074074074074,0.0,0.0,0.0,11,2,3,0,0,0,1,1,2,3,1,3,0,0,0,0,2,1.212,43.950400000000016,0,0,0,1,0,2,0,0,0,0,0,0,0,0,0,2,0,1,0,0,0,0,0,0,0,0,0,0,0,1,0,0,0,0,1,0,1,0,0,0,0,0,0,0,0,0,0,0,0,0,0,0,0,0,0,0,0,0,0,0,0,0,0,0,1,0,0,0,0,0,0,0,0,0,0,0,0,0,0,0,0,0,0,0,0
base2056-iso0,rank2_mod,-0.28,0.645,-10.0993,3.1439,2.0,4.361,0.055,2137,24.040904043333338,21.7331,9.839356601515567,1,5.605092592592593,5.605092592592593,0.5375925925925928,0.5375925925925928,0.6058167298330608,10.181818181818182,145.16499999999996,138.10899999999998,145.063997224,54,0,0.1341883786384636,-0.3830817355860738,0.3830817355860738,0.1341883786384636,1.0909090909090908,1.9090909090909092,2.727272727272727,14.901150605715312,10.21980230870206,1.9508639759616184,-1.9632129302096537,2.1370000250283097,-1.9141533313522,5.867731036077231,1.2295972812236413,2.055950140473121,2.913161163604861,378.49888384538866,7.681798275874712,5.858528806137672,5.858528806137672,5.377010097711744,3.3296367787787196,3.3296367787787196,2.276058413064937,2.276058413064937,1.5736445750151147,1.5736445750151147,1.0256257260403219,1.0256257260403219,-1.64,505.7637345563877,6.094932395164055,2.196104623645067,0.9022145003756571,63.89225431013791,5.733667477162185,12.14518285259957,0.0,0.0,0.0,0.0,0.0,9.967957041894417,0.0,0.0,12.13273413692322,12.13273413692322,5.386224214464796,5.516700717616262,0.0,16.720787709916088,0.0,9.967957041894417,0.0,0.0,5.733667477162185,30.59278834861098,0.0,0.0,5.733667477162185,5.817862777835028,0.0,0.0,9.967957041894417,0.0,0.0,0.0,30.59278834861098,0.0,10.902924932081056,0.0,51.8,0.0,0.0,0.0,0.0,5.817862777835028,10.902924932081056,6.3273200747645415,0.0,24.26546827384644,9.967957041894417,5.733667477162185,0.0,0.0,7.924907407407407,0.9120370370370373,6.493981481481482,0.5375925925925928,7.661574074074074,1.4699074074074074,0.0,0.0,0.0,11,2,3,0,0,0,1,1,2,3,1,3,0,0,0,0,2,1.212,43.950400000000016,0,0,0,1,0,2,0,0,0,0,0,0,0,0,0,2,0,1,0,0,0,0,0,0,0,0,0,0,0,1,0,0,0,0,1,0,1,0,0,0,0,0,0,0,0,0,0,0,0,0,0,0,0,0,0,0,0,0,0,0,0,0,0,0,1,0,0,0,0,0,0,0,0,0,0,0,0,0,0,0,0,0,0,0,0
base2056-iso0,rank3_mod,-1.26,0.516,-9.9192,2.0254,1.0,8.0727,0.146,1665,24.013143023333335,7.8583,11.221845536699744,1,5.605092592592593,5.605092592592593,0.5375925925925928,0.5375925925925928,0.6058167298330608,10.181818181818182,145.16499999999996,138.10899999999998,145.063997224,54,0,0.1341883786384636,-0.3830817355860738,0.3830817355860738,0.1341883786384636,1.0909090909090908,1.9090909090909092,2.727272727272727,14.901150605715312,10.21980230870206,1.9508639759616184,-1.9632129302096537,2.1370000250283097,-1.9141533313522,5.867731036077231,1.2295972812236413,2.055950140473121,2.913161163604861,378.49888384538866,7.681798275874712,5.858528806137672,5.858528806137672,5.377010097711744,3.3296367787787196,3.3296367787787196,2.276058413064937,2.276058413064937,1.5736445750151147,1.5736445750151147,1.0256257260403219,1.0256257260403219,-1.64,505.7637345563877,6.094932395164055,2.196104623645067,0.9022145003756571,63.89225431013791,5.733667477162185,12.14518285259957,0.0,0.0,0.0,0.0,0.0,9.967957041894417,0.0,0.0,12.13273413692322,12.13273413692322,5.386224214464796,5.516700717616262,0.0,16.720787709916088,0.0,9.967957041894417,0.0,0.0,5.733667477162185,30.59278834861098,0.0,0.0,5.733667477162185,5.817862777835028,0.0,0.0,9.967957041894417,0.0,0.0,0.0,30.59278834861098,0.0,10.902924932081056,0.0,51.8,0.0,0.0,0.0,0.0,5.817862777835028,10.902924932081056,6.3273200747645415,0.0,24.26546827384644,9.967957041894417,5.733667477162185,0.0,0.0,7.924907407407407,0.9120370370370373,6.493981481481482,0.5375925925925928,7.661574074074074,1.4699074074074074,0.0,0.0,0.0,11,2,3,0,0,0,1,1,2,3,1,3,0,0,0,0,2,1.212,43.950400000000016,0,0,0,1,0,2,0,0,0,0,0,0,0,0,0,2,0,1,0,0,0,0,0,0,0,0,0,0,0,1,0,0,0,0,1,0,1,0,0,0,0,0,0,0,0,0,0,0,0,0,0,0,0,0,0,0,0,0,0,0,0,0,0,0,1,0,0,0,0,0,0,0,0,0,0,0,0,0,0,0,0,0,0,0,0
base2043-iso0,rank1_mod,-1.25,0.683,-23.0171,4.439,0.0,2.7161,0.31,1171,14.855658953333334,2.1847,11.457778672500377,1,11.596844949399513,11.596844949399513,0.18423338162425473,-0.18423338162425473,0.8168419109300449,11.470588235294118,253.32699999999994,238.20699999999997,253.08849772,92,0,0.2755050958457286,-0.3769423650153533,0.3769423650153533,0.2755050958457286,1.5294117647058822,2.2941176470588234,3.0,32.091999015799075,10.402843836930268,2.0564495385350128,-2.105139751014411,2.074809540279932,-2.169911466519477,7.709923559507384,0.07292961758978429,2.7109542069701336,2.3611950591744604,623.4136310838245,12.41384908344359,9.81822283683352,10.634719417761247,8.092224152875016,5.5114511878732,5.919699478337063,4.068371585838193,4.45506991690518,2.4745656977211006,2.7970143081281744,1.7061986091025703,1.9885315791229843,-1.4,8818.734035273845,12.06741181593845,4.8484918126975005,2.4754325259515566,103.43005366947337,14.287941122538612,5.516700717616262,4.771065770590158,0.0,5.559266895052007,0.0,9.77851570501903,0.0,0.0,0.0,0.0,32.131714910889556,12.741599977525652,18.227549069877483,4.736862953800049,23.25127487827922,0.0,14.53505668968577,0.0,26.496197193042125,6.606881964512918,27.388080489788674,0.0,0.0,5.559266895052007,0.0,0.0,12.217873443046695,27.24590504194699,11.281619359712625,4.771065770590158,13.847474399381248,17.057747824146507,0.0,11.033401435232523,0.0,62.81,0.0,4.794537184071822,0.0,11.66323328280031,23.439404858631914,5.516700717616262,0.0,6.196843571613076,24.480941115634213,9.967957041894417,16.954736396846744,7.778568357898715,5.149933862433862,17.14121467414126,0.0,1.1715564898799027,0.0,1.8430035903250188,1.9192009689678338,5.163188723020072,0.0,0.45454545454545453,17,2,5,0,0,0,0,2,2,4,2,6,4,0,0,0,2,1.8121899999999997,68.83140000000002,0,0,0,0,0,3,2,0,0,0,0,0,0,0,0,1,2,0,0,0,0,2,0,0,0,0,0,0,0,0,0,0,0,0,0,0,1,0,0,0,0,1,0,0,0,0,0,0,0,0,0,0,0,0,0,0,0,0,0,0,0,0,0,0,0,0,0,0,0,0,0,0,0,0,0,0,0,0,0,0,0,0,0,0,0
base2043-iso0,rank2_mod,-2.21,0.536,-23.4755,5.1039,1.0,12.8081,0.211,1083,17.71912359666667,2.7511,11.251481347330236,1,11.596844949399513,11.596844949399513,0.18423338162425473,-0.18423338162425473,0.8168419109300449,11.470588235294118,253.32699999999994,238.20699999999997,253.08849772,92,0,0.2755050958457286,-0.3769423650153533,0.3769423650153533,0.2755050958457286,1.5294117647058822,2.2941176470588234,3.0,32.091999015799075,10.402843836930268,2.0564495385350128,-2.105139751014411,2.074809540279932,-2.169911466519477,7.709923559507384,0.07292961758978429,2.7109542069701336,2.3611950591744604,623.4136310838245,12.41384908344359,9.81822283683352,10.634719417761247,8.092224152875016,5.5114511878732,5.919699478337063,4.068371585838193,4.45506991690518,2.4745656977211006,2.7970143081281744,1.7061986091025703,1.9885315791229843,-1.4,8818.734035273845,12.06741181593845,4.8484918126975005,2.4754325259515566,103.43005366947337,14.287941122538612,5.516700717616262,4.771065770590158,0.0,5.559266895052007,0.0,9.77851570501903,0.0,0.0,0.0,0.0,32.131714910889556,12.741599977525652,18.227549069877483,4.736862953800049,23.25127487827922,0.0,14.53505668968577,0.0,26.496197193042125,6.606881964512918,27.388080489788674,0.0,0.0,5.559266895052007,0.0,0.0,12.217873443046695,27.24590504194699,11.281619359712625,4.771065770590158,13.847474399381248,17.057747824146507,0.0,11.033401435232523,0.0,62.81,0.0,4.794537184071822,0.0,11.66323328280031,23.439404858631914,5.516700717616262,0.0,6.196843571613076,24.480941115634213,9.967957041894417,16.954736396846744,7.778568357898715,5.149933862433862,17.14121467414126,0.0,1.1715564898799027,0.0,1.8430035903250188,1.9192009689678338,5.163188723020072,0.0,0.45454545454545453,17,2,5,0,0,0,0,2,2,4,2,6,4,0,0,0,2,1.8121899999999997,68.83140000000002,0,0,0,0,0,3,2,0,0,0,0,0,0,0,0,1,2,0,0,0,0,2,0,0,0,0,0,0,0,0,0,0,0,0,0,0,1,0,0,0,0,1,0,0,0,0,0,0,0,0,0,0,0,0,0,0,0,0,0,0,0,0,0,0,0,0,0,0,0,0,0,0,0,0,0,0,0,0,0,0,0,0,0,0,0
base2043-iso0,rank3_mod,-2.34,0.631,-19.3603,2.2797,1.0,23.6641,0.115,1535,24.3814935,23.8706,7.814190629736032,1,11.596844949399513,11.596844949399513,0.18423338162425473,-0.18423338162425473,0.8168419109300449,11.470588235294118,253.32699999999994,238.20699999999997,253.08849772,92,0,0.2755050958457286,-0.3769423650153533,0.3769423650153533,0.2755050958457286,1.5294117647058822,2.2941176470588234,3.0,32.091999015799075,10.402843836930268,2.0564495385350128,-2.105139751014411,2.074809540279932,-2.169911466519477,7.709923559507384,0.07292961758978429,2.7109542069701336,2.3611950591744604,623.4136310838245,12.41384908344359,9.81822283683352,10.634719417761247,8.092224152875016,5.5114511878732,5.919699478337063,4.068371585838193,4.45506991690518,2.4745656977211006,2.7970143081281744,1.7061986091025703,1.9885315791229843,-1.4,8818.734035273845,12.06741181593845,4.8484918126975005,2.4754325259515566,103.43005366947337,14.287941122538612,5.516700717616262,4.771065770590158,0.0,5.559266895052007,0.0,9.77851570501903,0.0,0.0,0.0,0.0,32.131714910889556,12.741599977525652,18.227549069877483,4.736862953800049,23.25127487827922,0.0,14.53505668968577,0.0,26.496197193042125,6.606881964512918,27.388080489788674,0.0,0.0,5.559266895052007,0.0,0.0,12.217873443046695,27.24590504194699,11.281619359712625,4.771065770590158,13.847474399381248,17.057747824146507,0.0,11.033401435232523,0.0,62.81,0.0,4.794537184071822,0.0,11.66323328280031,23.439404858631914,5.516700717616262,0.0,6.196843571613076,24.480941115634213,9.967957041894417,16.954736396846744,7.778568357898715,5.149933862433862,17.14121467414126,0.0,1.1715564898799027,0.0,1.8430035903250188,1.9192009689678338,5.163188723020072,0.0,0.45454545454545453,17,2,5,0,0,0,0,2,2,4,2,6,4,0,0,0,2,1.8121899999999997,68.83140000000002,0,0,0,0,0,3,2,0,0,0,0,0,0,0,0,1,2,0,0,0,0,2,0,0,0,0,0,0,0,0,0,0,0,0,0,0,1,0,0,0,0,1,0,0,0,0,0,0,0,0,0,0,0,0,0,0,0,0,0,0,0,0,0,0,0,0,0,0,0,0,0,0,0,0,0,0,0,0,0,0,0,0,0,0,0
base2476-iso0,rank1_mod,-0.52,0.63,-15.1898,2.0938,1.0,6.5606,0.129,1699,22.31202254666666,6.4555,10.60057999379567,1,12.29138888888889,12.29138888888889,0.00597222222222249,0.00597222222222249,0.7961727037802342,32.46666666666667,205.26099999999994,190.14099999999996,205.1215121,80,0,0.23281897865614817,-0.31214303811671334,0.31214303811671334,0.23281897865614817,1.7333333333333334,2.6,3.1333333333333333,16.155024180737467,10.021125156963848,2.623173397617765,-2.2021150999563655,2.6388758644636843,-2.33445822713238,5.988954599125653,-0.12315809056734485,2.7344458571097245,1.8081658402550285,386.5471143940438,10.466255326250884,8.863153413778848,8.863153413778848,7.238817417277544,5.5086609242225135,5.5086609242225135,4.770086360948644,4.770086360948644,4.0091245514324765,4.0091245514324765,2.9768316441662295,2.9768316441662295,-1.32,5274.746058364659,8.94607403165348,2.8399757282190974,1.1360882483058174,88.65789546822403,4.899909730850478,0.0,0.0,5.907179729351506,0.0,0.0,9.893218992372859,0.0,5.098681808301038,0.0,6.4208216229260096,25.18037091493942,13.244515554290267,17.299220315693418,4.794537184071822,11.594566004035068,0.0,10.197363616602075,11.332896515558172,25.683286491704038,11.947581713527669,12.393687143226153,0.0,0.0,4.899909730850478,5.687386274683562,0.0,0.0,23.15221532863077,4.794537184071822,11.332896515558172,25.683286491704038,12.393687143226153,0.0,0.0,0.0,48.99,0.0,4.794537184071822,0.0,11.322170198748285,5.917906046161393,18.52902952053558,12.841643245852019,17.29359687407663,7.04767198267719,10.197363616602075,0.0,0.0,0.0,14.03625,6.6080352418745285,0.873495370370371,0.9497694633408922,0.0,8.106223072562358,0.0,1.8428935185185185,0.6363636363636364,15,1,4,2,0,2,0,1,1,2,1,4,2,2,0,2,3,1.5627,56.38870000000003,0,0,0,0,0,2,1,0,0,0,1,1,0,0,0,2,1,0,0,0,0,1,0,0,0,0,0,1,0,1,0,0,0,0,0,0,1,0,0,0,0,0,0,0,0,0,0,0,0,0,0,0,0,0,0,0,0,0,0,0,0,0,0,0,0,0,0,0,0,0,0,0,0,0,0,0,0,0,0,0,0,0,0,0,0
base2476-iso0,rank2_mod,-1.41,2.037,-14.845,2.0933,0.0,32.9353,0.077,1878,30.801702416666668,32.8296,9.424268507242873,1,12.29138888888889,12.29138888888889,0.00597222222222249,0.00597222222222249,0.7961727037802342,32.46666666666667,205.26099999999994,190.14099999999996,205.1215121,80,0,0.23281897865614817,-0.31214303811671334,0.31214303811671334,0.23281897865614817,1.7333333333333334,2.6,3.1333333333333333,16.155024180737467,10.021125156963848,2.623173397617765,-2.2021150999563655,2.6388758644636843,-2.33445822713238,5.988954599125653,-0.12315809056734485,2.7344458571097245,1.8081658402550285,386.5471143940438,10.466255326250884,8.863153413778848,8.863153413778848,7.238817417277544,5.5086609242225135,5.5086609242225135,4.770086360948644,4.770086360948644,4.0091245514324765,4.0091245514324765,2.9768316441662295,2.9768316441662295,-1.32,5274.746058364659,8.94607403165348,2.8399757282190974,1.1360882483058174,88.65789546822403,4.899909730850478,0.0,0.0,5.907179729351506,0.0,0.0,9.893218992372859,0.0,5.098681808301038,0.0,6.4208216229260096,25.18037091493942,13.244515554290267,17.299220315693418,4.794537184071822,11.594566004035068,0.0,10.197363616602075,11.332896515558172,25.683286491704038,11.947581713527669,12.393687143226153,0.0,0.0,4.899909730850478,5.687386274683562,0.0,0.0,23.15221532863077,4.794537184071822,11.332896515558172,25.683286491704038,12.393687143226153,0.0,0.0,0.0,48.99,0.0,4.794537184071822,0.0,11.322170198748285,5.917906046161393,18.52902952053558,12.841643245852019,17.29359687407663,7.04767198267719,10.197363616602075,0.0,0.0,0.0,14.03625,6.6080352418745285,0.873495370370371,0.9497694633408922,0.0,8.106223072562358,0.0,1.8428935185185185,0.6363636363636364,15,1,4,2,0,2,0,1,1,2,1,4,2,2,0,2,3,1.5627,56.38870000000003,0,0,0,0,0,2,1,0,0,0,1,1,0,0,0,2,1,0,0,0,0,1,0,0,0,0,0,1,0,1,0,0,0,0,0,0,1,0,0,0,0,0,0,0,0,0,0,0,0,0,0,0,0,0,0,0,0,0,0,0,0,0,0,0,0,0,0,0,0,0,0,0,0,0,0,0,0,0,0,0,0,0,0,0,0
base2476-iso0,rank3_mod,-1.47,1.133,-14.4017,1.8384,0.0,4.7946,0.123,1659,21.90273223333333,3.2224,12.494322359000416,1,12.29138888888889,12.29138888888889,0.00597222222222249,0.00597222222222249,0.7961727037802342,32.46666666666667,205.26099999999994,190.14099999999996,205.1215121,80,0,0.23281897865614817,-0.31214303811671334,0.31214303811671334,0.23281897865614817,1.7333333333333334,2.6,3.1333333333333333,16.155024180737467,10.021125156963848,2.623173397617765,-2.2021150999563655,2.6388758644636843,-2.33445822713238,5.988954599125653,-0.12315809056734485,2.7344458571097245,1.8081658402550285,386.5471143940438,10.466255326250884,8.863153413778848,8.863153413778848,7.238817417277544,5.5086609242225135,5.5086609242225135,4.770086360948644,4.770086360948644,4.0091245514324765,4.0091245514324765,2.9768316441662295,2.9768316441662295,-1.32,5274.746058364659,8.94607403165348,2.8399757282190974,1.1360882483058174,88.65789546822403,4.899909730850478,0.0,0.0,5.907179729351506,0.0,0.0,9.893218992372859,0.0,5.098681808301038,0.0,6.4208216229260096,25.18037091493942,13.244515554290267,17.299220315693418,4.794537184071822,11.594566004035068,0.0,10.197363616602075,11.332896515558172,25.683286491704038,11.947581713527669,12.393687143226153,0.0,0.0,4.899909730850478,5.687386274683562,0.0,0.0,23.15221532863077,4.794537184071822,11.332896515558172,25.683286491704038,12.393687143226153,0.0,0.0,0.0,48.99,0.0,4.794537184071822,0.0,11.322170198748285,5.917906046161393,18.52902952053558,12.841643245852019,17.29359687407663,7.04767198267719,10.197363616602075,0.0,0.0,0.0,14.03625,6.6080352418745285,0.873495370370371,0.9497694633408922,0.0,8.106223072562358,0.0,1.8428935185185185,0.6363636363636364,15,1,4,2,0,2,0,1,1,2,1,4,2,2,0,2,3,1.5627,56.38870000000003,0,0,0,0,0,2,1,0,0,0,1,1,0,0,0,2,1,0,0,0,0,1,0,0,0,0,0,1,0,1,0,0,0,0,0,0,1,0,0,0,0,0,0,0,0,0,0,0,0,0,0,0,0,0,0,0,0,0,0,0,0,0,0,0,0,0,0,0,0,0,0,0,0,0,0,0,0,0,0,0,0,0,0,0,0
base2055-iso0,rank1_mod,0.39,0.553,-17.351,2.5053,1.0,2.5374,0.676,657,9.96798866,2.7389,11.276197564325932,1,5.9247679673721345,5.9247679673721345,0.5266619425548,0.5266619425548,0.7479867866058322,11.222222222222221,242.28199999999995,228.16999999999996,242.116761068,92,0,0.14586873754325405,-0.46745304983819963,0.46745304983819963,0.14586873754325405,1.3333333333333333,2.1666666666666665,2.888888888888889,16.33322191240032,10.191566672841763,2.1512904344380117,-2.0471432932510116,2.2704248904552635,-2.02153020514773,5.903029231635792,0.4937481147008714,2.9360969293111756,2.227780170725205,697.4260482184541,12.698306133819765,10.343747204098415,10.343747204098415,8.681540550352056,5.76444946858809,5.76444946858809,4.333434889715607,4.333434889715607,3.328890001123329,3.328890001123329,2.2479098656150853,2.2479098656150853,-2.3,23248.015486285887,10.828985923585178,3.8702226149896894,1.4753874299754952,104.25763603107823,14.717918062006888,23.552607492241737,0.0,0.0,0.0,0.0,0.0,9.967957041894417,0.0,0.0,0.0,31.54366002800146,5.693927994848461,18.194143616016426,4.417150937053347,16.85126421306755,0.0,14.53505668968577,0.0,20.392230805293824,5.733667477162185,41.74084411274672,0.0,0.0,5.733667477162185,5.817862777835028,0.0,0.0,14.53505668968577,6.544756405912575,13.847474399381248,17.0176269054199,29.140368144380165,0.0,11.033401435232523,0.0,69.87,0.0,0.0,0.0,0.0,12.362619183747604,28.051028340652422,6.3273200747645415,6.263162995639057,19.056471336613843,21.458793889376395,10.150818414215532,7.484102418745276,0.0,8.383910698538674,0.9319964096749812,9.033245858528598,1.4222023809523816,3.8310648148148148,3.1683952191987905,4.745082199546485,0.0,0.23076923076923078,18,2,5,0,0,0,0,3,3,5,1,5,2,0,0,0,3,2.2716400000000005,69.22440000000002,0,0,0,1,0,3,0,0,0,0,0,0,0,0,0,3,0,1,0,0,0,0,0,0,0,0,0,0,0,1,1,0,0,0,0,0,1,0,0,0,0,0,1,0,0,0,0,0,0,0,0,0,0,0,0,0,0,0,0,0,0,0,0,0,0,0,0,0,0,0,0,0,0,0,0,0,0,0,0,0,0,0,0,0,0
base2055-iso0,rank2_mod,-0.73,0.542,-15.014,3.0533,2.0,7.6178,0.178,1424,18.373084180000003,7.5774,11.99391349457025,1,5.9247679673721345,5.9247679673721345,0.5266619425548,0.5266619425548,0.7479867866058322,11.222222222222221,242.28199999999995,228.16999999999996,242.116761068,92,0,0.14586873754325405,-0.46745304983819963,0.46745304983819963,0.14586873754325405,1.3333333333333333,2.1666666666666665,2.888888888888889,16.33322191240032,10.191566672841763,2.1512904344380117,-2.0471432932510116,2.2704248904552635,-2.02153020514773,5.903029231635792,0.4937481147008714,2.9360969293111756,2.227780170725205,697.4260482184541,12.698306133819765,10.343747204098415,10.343747204098415,8.681540550352056,5.76444946858809,5.76444946858809,4.333434889715607,4.333434889715607,3.328890001123329,3.328890001123329,2.2479098656150853,2.2479098656150853,-2.3,23248.015486285887,10.828985923585178,3.8702226149896894,1.4753874299754952,104.25763603107823,14.717918062006888,23.552607492241737,0.0,0.0,0.0,0.0,0.0,9.967957041894417,0.0,0.0,0.0,31.54366002800146,5.693927994848461,18.194143616016426,4.417150937053347,16.85126421306755,0.0,14.53505668968577,0.0,20.392230805293824,5.733667477162185,41.74084411274672,0.0,0.0,5.733667477162185,5.817862777835028,0.0,0.0,14.53505668968577,6.544756405912575,13.847474399381248,17.0176269054199,29.140368144380165,0.0,11.033401435232523,0.0,69.87,0.0,0.0,0.0,0.0,12.362619183747604,28.051028340652422,6.3273200747645415,6.263162995639057,19.056471336613843,21.458793889376395,10.150818414215532,7.484102418745276,0.0,8.383910698538674,0.9319964096749812,9.033245858528598,1.4222023809523816,3.8310648148148148,3.1683952191987905,4.745082199546485,0.0,0.23076923076923078,18,2,5,0,0,0,0,3,3,5,1,5,2,0,0,0,3,2.2716400000000005,69.22440000000002,0,0,0,1,0,3,0,0,0,0,0,0,0,0,0,3,0,1,0,0,0,0,0,0,0,0,0,0,0,1,1,0,0,0,0,0,1,0,0,0,0,0,1,0,0,0,0,0,0,0,0,0,0,0,0,0,0,0,0,0,0,0,0,0,0,0,0,0,0,0,0,0,0,0,0,0,0,0,0,0,0,0,0,0,0
base2055-iso0,rank3_mod,-0.97,0.52,-17.3645,2.4081,1.0,3.4172,1.0,2,3.5597878666666665,3.0399,0.48069018574834893,1,5.9247679673721345,5.9247679673721345,0.5266619425548,0.5266619425548,0.7479867866058322,11.222222222222221,242.28199999999995,228.16999999999996,242.116761068,92,0,0.14586873754325405,-0.46745304983819963,0.46745304983819963,0.14586873754325405,1.3333333333333333,2.1666666666666665,2.888888888888889,16.33322191240032,10.191566672841763,2.1512904344380117,-2.0471432932510116,2.2704248904552635,-2.02153020514773,5.903029231635792,0.4937481147008714,2.9360969293111756,2.227780170725205,697.4260482184541,12.698306133819765,10.343747204098415,10.343747204098415,8.681540550352056,5.76444946858809,5.76444946858809,4.333434889715607,4.333434889715607,3.328890001123329,3.328890001123329,2.2479098656150853,2.2479098656150853,-2.3,23248.015486285887,10.828985923585178,3.8702226149896894,1.4753874299754952,104.25763603107823,14.717918062006888,23.552607492241737,0.0,0.0,0.0,0.0,0.0,9.967957041894417,0.0,0.0,0.0,31.54366002800146,5.693927994848461,18.194143616016426,4.417150937053347,16.85126421306755,0.0,14.53505668968577,0.0,20.392230805293824,5.733667477162185,41.74084411274672,0.0,0.0,5.733667477162185,5.817862777835028,0.0,0.0,14.53505668968577,6.544756405912575,13.847474399381248,17.0176269054199,29.140368144380165,0.0,11.033401435232523,0.0,69.87,0.0,0.0,0.0,0.0,12.362619183747604,28.051028340652422,6.3273200747645415,6.263162995639057,19.056471336613843,21.458793889376395,10.150818414215532,7.484102418745276,0.0,8.383910698538674,0.9319964096749812,9.033245858528598,1.4222023809523816,3.8310648148148148,3.1683952191987905,4.745082199546485,0.0,0.23076923076923078,18,2,5,0,0,0,0,3,3,5,1,5,2,0,0,0,3,2.2716400000000005,69.22440000000002,0,0,0,1,0,3,0,0,0,0,0,0,0,0,0,3,0,1,0,0,0,0,0,0,0,0,0,0,0,1,1,0,0,0,0,0,1,0,0,0,0,0,1,0,0,0,0,0,0,0,0,0,0,0,0,0,0,0,0,0,0,0,0,0,0,0,0,0,0,0,0,0,0,0,0,0,0,0,0,0,0,0,0,0,0
base2049-iso0,rank1_mod,0.64,0.525,-11.5674,2.0878,0.0,2.5656,0.645,347,6.957911019999999,2.7022,8.373346937048604,1,5.935231481481482,5.935231481481482,0.6093981481481483,0.6093981481481483,0.6203990213136357,15.076923076923077,175.19499999999996,166.123,175.08579528799999,66,0,0.25379899175249115,-0.38324629631916396,0.38324629631916396,0.25379899175249115,1.3846153846153846,2.3076923076923075,3.230769230769231,15.337239456011906,10.229708268530205,2.180403428358036,-2.0309249404855647,2.2467187559522928,-2.054429671903877,5.50472395330368,0.9005536583249931,2.709227634105373,2.4518978934589377,472.5842763546857,8.836498814253963,7.064875263938728,7.064875263938728,6.360173345306137,4.330213684025577,4.330213684025577,3.2476875197119797,3.2476875197119797,2.4907959966438478,2.4907959966438478,1.8572106279569434,1.8572106279569434,-1.65,2351.6095864034637,6.822036359045575,2.184915997078159,0.7834222646824933,74.60584691262692,5.733667477162185,12.14518285259957,0.0,0.0,5.777653723919194,0.0,0.0,4.9839785209472085,14.59805822286387,0.0,0.0,19.26246486877803,5.563451491696996,5.693927994848461,0.0,11.595516501754222,0.0,19.582036743811077,0.0,19.26246486877803,5.733667477162185,17.584699561309996,0.0,0.0,5.733667477162185,5.817862777835028,0.0,0.0,19.582036743811077,12.841643245852019,0.0,17.678201109471466,6.3273200747645415,0.0,5.777653723919194,0.0,69.1,0.0,0.0,0.0,0.0,11.595516501754222,30.519844355323485,6.3273200747645415,4.5153978936156225,0.0,15.066638850195455,5.733667477162185,1.6013425925925926,0.0,8.403703703703705,4.013796296296296,8.181527777777777,1.3131018518518522,0.0,4.653194444444444,0.0,0.0,0.375,13,2,5,1,0,1,0,2,2,5,1,5,0,0,0,0,3,0.1951999999999996,47.21940000000001,0,0,0,1,0,4,0,0,0,0,0,0,0,0,0,4,0,1,0,0,0,0,0,0,0,0,0,0,0,1,1,0,0,0,0,0,2,0,0,0,0,0,0,0,0,0,0,0,0,0,0,0,0,0,0,0,0,0,0,0,0,0,0,0,0,0,0,0,0,0,0,0,0,0,0,0,0,0,0,0,0,0,0,0,0
base2049-iso0,rank2_mod,-0.24,0.729,-13.4914,2.3507,0.0,5.2989,0.13,1907,23.032862319999996,5.3784,10.709136657474161,1,5.935231481481482,5.935231481481482,0.6093981481481483,0.6093981481481483,0.6203990213136357,15.076923076923077,175.19499999999996,166.123,175.08579528799999,66,0,0.25379899175249115,-0.38324629631916396,0.38324629631916396,0.25379899175249115,1.3846153846153846,2.3076923076923075,3.230769230769231,15.337239456011906,10.229708268530205,2.180403428358036,-2.0309249404855647,2.2467187559522928,-2.054429671903877,5.50472395330368,0.9005536583249931,2.709227634105373,2.4518978934589377,472.5842763546857,8.836498814253963,7.064875263938728,7.064875263938728,6.360173345306137,4.330213684025577,4.330213684025577,3.2476875197119797,3.2476875197119797,2.4907959966438478,2.4907959966438478,1.8572106279569434,1.8572106279569434,-1.65,2351.6095864034637,6.822036359045575,2.184915997078159,0.7834222646824933,74.60584691262692,5.733667477162185,12.14518285259957,0.0,0.0,5.777653723919194,0.0,0.0,4.9839785209472085,14.59805822286387,0.0,0.0,19.26246486877803,5.563451491696996,5.693927994848461,0.0,11.595516501754222,0.0,19.582036743811077,0.0,19.26246486877803,5.733667477162185,17.584699561309996,0.0,0.0,5.733667477162185,5.817862777835028,0.0,0.0,19.582036743811077,12.841643245852019,0.0,17.678201109471466,6.3273200747645415,0.0,5.777653723919194,0.0,69.1,0.0,0.0,0.0,0.0,11.595516501754222,30.519844355323485,6.3273200747645415,4.5153978936156225,0.0,15.066638850195455,5.733667477162185,1.6013425925925926,0.0,8.403703703703705,4.013796296296296,8.181527777777777,1.3131018518518522,0.0,4.653194444444444,0.0,0.0,0.375,13,2,5,1,0,1,0,2,2,5,1,5,0,0,0,0,3,0.1951999999999996,47.21940000000001,0,0,0,1,0,4,0,0,0,0,0,0,0,0,0,4,0,1,0,0,0,0,0,0,0,0,0,0,0,1,1,0,0,0,0,0,2,0,0,0,0,0,0,0,0,0,0,0,0,0,0,0,0,0,0,0,0,0,0,0,0,0,0,0,0,0,0,0,0,0,0,0,0,0,0,0,0,0,0,0,0,0,0,0,0
base2049-iso0,rank3_mod,-0.63,0.78,-13.2242,2.2923,0.0,5.2107,0.333,876,13.339076476666667,6.9452,11.232890270886369,1,5.935231481481482,5.935231481481482,0.6093981481481483,0.6093981481481483,0.6203990213136357,15.076923076923077,175.19499999999996,166.123,175.08579528799999,66,0,0.25379899175249115,-0.38324629631916396,0.38324629631916396,0.25379899175249115,1.3846153846153846,2.3076923076923075,3.230769230769231,15.337239456011906,10.229708268530205,2.180403428358036,-2.0309249404855647,2.2467187559522928,-2.054429671903877,5.50472395330368,0.9005536583249931,2.709227634105373,2.4518978934589377,472.5842763546857,8.836498814253963,7.064875263938728,7.064875263938728,6.360173345306137,4.330213684025577,4.330213684025577,3.2476875197119797,3.2476875197119797,2.4907959966438478,2.4907959966438478,1.8572106279569434,1.8572106279569434,-1.65,2351.6095864034637,6.822036359045575,2.184915997078159,0.7834222646824933,74.60584691262692,5.733667477162185,12.14518285259957,0.0,0.0,5.777653723919194,0.0,0.0,4.9839785209472085,14.59805822286387,0.0,0.0,19.26246486877803,5.563451491696996,5.693927994848461,0.0,11.595516501754222,0.0,19.582036743811077,0.0,19.26246486877803,5.733667477162185,17.584699561309996,0.0,0.0,5.733667477162185,5.817862777835028,0.0,0.0,19.582036743811077,12.841643245852019,0.0,17.678201109471466,6.3273200747645415,0.0,5.777653723919194,0.0,69.1,0.0,0.0,0.0,0.0,11.595516501754222,30.519844355323485,6.3273200747645415,4.5153978936156225,0.0,15.066638850195455,5.733667477162185,1.6013425925925926,0.0,8.403703703703705,4.013796296296296,8.181527777777777,1.3131018518518522,0.0,4.653194444444444,0.0,0.0,0.375,13,2,5,1,0,1,0,2,2,5,1,5,0,0,0,0,3,0.1951999999999996,47.21940000000001,0,0,0,1,0,4,0,0,0,0,0,0,0,0,0,4,0,1,0,0,0,0,0,0,0,0,0,0,0,1,1,0,0,0,0,0,2,0,0,0,0,0,0,0,0,0,0,0,0,0,0,0,0,0,0,0,0,0,0,0,0,0,0,0,0,0,0,0,0,0,0,0,0,0,0,0,0,0,0,0,0,0,0,0,0
base2062-iso0,rank1_mod,0.0,0.54,-11.4105,2.1983,1.0,1.6988,0.999,3,1.7918413433333336,1.6002,0.4436516847134271,1,5.563425925925926,5.563425925925926,0.17000000000000037,0.17000000000000037,0.5482643181232606,10.75,164.17200000000003,156.108,164.08104425599998,62,0,0.223605428249854,-0.38166403418053524,0.38166403418053524,0.223605428249854,1.3333333333333333,2.0833333333333335,2.8333333333333335,15.146192767967582,10.484888512639635,2.0607407299533995,-1.9644779023712122,2.145039279613417,-2.009672139556677,5.819569000993551,0.9295751348505551,2.327712590749708,2.9242062797931903,430.7760853370335,8.71517847069432,6.52090518956871,6.52090518956871,5.681540550352055,3.3826024306837796,3.3826024306837796,2.4947343251253016,2.4947343251253016,1.604003871363512,1.604003871363512,1.0461715479399294,1.0461715479399294,-1.8499999999999999,737.8848912676574,6.83531440407006,2.0663698798969823,0.777441467749535,68.23586701010338,16.034434602115724,5.516700717616262,11.465039998602755,5.948339280986494,0.0,0.0,0.0,4.9839785209472085,9.967957041894417,0.0,0.0,0.0,7.04767198267719,6.3273200747645415,0.0,22.93007999720551,0.0,19.519035210632982,7.04767198267719,0.0,11.46733495432437,6.3273200747645415,0.0,0.0,11.46733495432437,11.766202058821523,0.0,0.0,19.519035210632982,7.04767198267719,0.0,0.0,6.3273200747645415,0.0,11.16387793838399,0.0,95.63999999999999,0.0,0.0,0.0,5.948339280986494,16.98174071621902,0.0,0.0,10.894419722555895,7.04767198267719,14.951935562841626,11.46733495432437,1.7398148148148147,0.0,11.783148148148149,0.0,12.215185185185186,0.487685185185186,0.0,1.6201851851851852,0.0,1.8206481481481482,0.16666666666666666,12,4,6,0,0,0,0,2,2,6,2,6,0,0,0,0,2,-0.4723000000000006,45.12879999999999,0,0,0,2,0,4,0,0,0,0,0,0,0,0,0,4,0,2,0,0,0,0,0,0,0,0,0,0,0,2,1,0,0,0,0,0,1,0,0,0,0,0,0,0,0,0,0,1,0,0,0,0,0,0,0,0,0,0,0,0,0,0,0,0,0,0,0,0,0,0,0,0,0,0,0,0,0,0,0,0,0,0,0,0,0
base2062-iso0,rank2_mod,-0.22,0.545,-6.2199,3.2533,0.0,0.6941,0.089,2323,25.027631536666664,1.2555,11.678881485328283,1,5.563425925925926,5.563425925925926,0.17000000000000037,0.17000000000000037,0.5482643181232606,10.75,164.17200000000003,156.108,164.08104425599998,62,0,0.223605428249854,-0.38166403418053524,0.38166403418053524,0.223605428249854,1.3333333333333333,2.0833333333333335,2.8333333333333335,15.146192767967582,10.484888512639635,2.0607407299533995,-1.9644779023712122,2.145039279613417,-2.009672139556677,5.819569000993551,0.9295751348505551,2.327712590749708,2.9242062797931903,430.7760853370335,8.71517847069432,6.52090518956871,6.52090518956871,5.681540550352055,3.3826024306837796,3.3826024306837796,2.4947343251253016,2.4947343251253016,1.604003871363512,1.604003871363512,1.0461715479399294,1.0461715479399294,-1.8499999999999999,737.8848912676574,6.83531440407006,2.0663698798969823,0.777441467749535,68.23586701010338,16.034434602115724,5.516700717616262,11.465039998602755,5.948339280986494,0.0,0.0,0.0,4.9839785209472085,9.967957041894417,0.0,0.0,0.0,7.04767198267719,6.3273200747645415,0.0,22.93007999720551,0.0,19.519035210632982,7.04767198267719,0.0,11.46733495432437,6.3273200747645415,0.0,0.0,11.46733495432437,11.766202058821523,0.0,0.0,19.519035210632982,7.04767198267719,0.0,0.0,6.3273200747645415,0.0,11.16387793838399,0.0,95.63999999999999,0.0,0.0,0.0,5.948339280986494,16.98174071621902,0.0,0.0,10.894419722555895,7.04767198267719,14.951935562841626,11.46733495432437,1.7398148148148147,0.0,11.783148148148149,0.0,12.215185185185186,0.487685185185186,0.0,1.6201851851851852,0.0,1.8206481481481482,0.16666666666666666,12,4,6,0,0,0,0,2,2,6,2,6,0,0,0,0,2,-0.4723000000000006,45.12879999999999,0,0,0,2,0,4,0,0,0,0,0,0,0,0,0,4,0,2,0,0,0,0,0,0,0,0,0,0,0,2,1,0,0,0,0,0,1,0,0,0,0,0,0,0,0,0,0,1,0,0,0,0,0,0,0,0,0,0,0,0,0,0,0,0,0,0,0,0,0,0,0,0,0,0,0,0,0,0,0,0,0,0,0,0,0
base2062-iso0,rank3_mod,-0.49,1.853,-7.3664,2.5904,0.0,23.4914,0.011,2600,28.056039970000004,25.9751,8.704111777202392,1,5.563425925925926,5.563425925925926,0.17000000000000037,0.17000000000000037,0.5482643181232606,10.75,164.17200000000003,156.108,164.08104425599998,62,0,0.223605428249854,-0.38166403418053524,0.38166403418053524,0.223605428249854,1.3333333333333333,2.0833333333333335,2.8333333333333335,15.146192767967582,10.484888512639635,2.0607407299533995,-1.9644779023712122,2.145039279613417,-2.009672139556677,5.819569000993551,0.9295751348505551,2.327712590749708,2.9242062797931903,430.7760853370335,8.71517847069432,6.52090518956871,6.52090518956871,5.681540550352055,3.3826024306837796,3.3826024306837796,2.4947343251253016,2.4947343251253016,1.604003871363512,1.604003871363512,1.0461715479399294,1.0461715479399294,-1.8499999999999999,737.8848912676574,6.83531440407006,2.0663698798969823,0.777441467749535,68.23586701010338,16.034434602115724,5.516700717616262,11.465039998602755,5.948339280986494,0.0,0.0,0.0,4.9839785209472085,9.967957041894417,0.0,0.0,0.0,7.04767198267719,6.3273200747645415,0.0,22.93007999720551,0.0,19.519035210632982,7.04767198267719,0.0,11.46733495432437,6.3273200747645415,0.0,0.0,11.46733495432437,11.766202058821523,0.0,0.0,19.519035210632982,7.04767198267719,0.0,0.0,6.3273200747645415,0.0,11.16387793838399,0.0,95.63999999999999,0.0,0.0,0.0,5.948339280986494,16.98174071621902,0.0,0.0,10.894419722555895,7.04767198267719,14.951935562841626,11.46733495432437,1.7398148148148147,0.0,11.783148148148149,0.0,12.215185185185186,0.487685185185186,0.0,1.6201851851851852,0.0,1.8206481481481482,0.16666666666666666,12,4,6,0,0,0,0,2,2,6,2,6,0,0,0,0,2,-0.4723000000000006,45.12879999999999,0,0,0,2,0,4,0,0,0,0,0,0,0,0,0,4,0,2,0,0,0,0,0,0,0,0,0,0,0,2,1,0,0,0,0,0,1,0,0,0,0,0,0,0,0,0,0,1,0,0,0,0,0,0,0,0,0,0,0,0,0,0,0,0,0,0,0,0,0,0,0,0,0,0,0,0,0,0,0,0,0,0,0,0,0
base2083-iso0,rank1_mod,-1.33,0.533,-13.9333,3.4453,1.0,25.1658,0.025,2107,28.759279436666667,24.8526,8.311581847751656,1,6.172008062484252,6.172008062484252,0.38251259763164525,0.38251259763164525,0.814174907488827,28.4375,238.72199999999992,223.60199999999998,238.09852415999998,86,0,0.15279654686861083,-0.3822899491129654,0.3822899491129654,0.15279654686861083,1.25,2.0,2.625,35.495691697576895,9.798158386541315,2.3494100685544597,-2.4572054932252954,2.3936142876302213,-2.4822167237332837,6.346733296249364,0.25059908760562144,2.339551928325242,1.9473799577012458,400.97107795115886,11.120955864630139,9.064540242200344,9.8204691882188,7.7540201954234895,5.780543651927001,6.158508124936229,4.723409536866382,5.1013740098756095,3.7820393946464765,4.144694616183028,2.899637821828834,3.105784263237834,-1.03,7767.312402039804,10.144973756940134,3.7691140028827563,1.5196270384623976,99.81662216920553,10.633577208012664,17.167816166340895,5.817862777835028,0.0,0.0,0.0,0.0,9.967957041894417,0.0,0.0,11.600939890232516,31.60119253786543,12.586597235060536,0.0,0.0,23.23666544590257,0.0,9.967957041894417,5.917906046161393,31.725127320852,17.17833361392524,11.349953388505867,0.0,0.0,10.633577208012664,11.635725555670057,0.0,11.600939890232516,22.554554276954953,0.0,5.917906046161393,25.683286491704038,6.3273200747645415,5.022633313741326,0.0,0.0,55.04,0.0,0.0,0.0,0.0,16.882336920724317,18.280525229908996,32.01060656646858,0.0,0.0,14.867866772744893,17.3346073673947,0.0,6.172008062484252,10.506233465608465,0.5093055555555557,5.715698696145125,2.008274754346183,0.5942592592592593,6.701720206601159,1.0702777777777779,0.0,0.6363636363636364,16,2,4,1,2,3,0,1,1,4,1,5,1,1,2,3,4,2.091,64.54640000000002,0,0,0,1,0,2,0,0,0,0,0,0,0,0,0,3,0,1,0,0,0,0,0,0,0,0,0,0,0,2,0,0,0,0,0,0,3,0,0,0,0,0,0,0,1,0,0,0,0,0,0,0,0,0,0,0,0,0,0,0,0,0,0,0,0,0,0,0,0,2,0,0,0,0,0,0,0,0,0,0,0,0,0,0,0
base2083-iso0,rank2_mod,-1.39,2.065,-9.6186,1.84,0.0,40.8146,0.016,2427,32.399393223333334,40.8167,11.978517950140592,1,6.172008062484252,6.172008062484252,0.38251259763164525,0.38251259763164525,0.814174907488827,28.4375,238.72199999999992,223.60199999999998,238.09852415999998,86,0,0.15279654686861083,-0.3822899491129654,0.3822899491129654,0.15279654686861083,1.25,2.0,2.625,35.495691697576895,9.798158386541315,2.3494100685544597,-2.4572054932252954,2.3936142876302213,-2.4822167237332837,6.346733296249364,0.25059908760562144,2.339551928325242,1.9473799577012458,400.97107795115886,11.120955864630139,9.064540242200344,9.8204691882188,7.7540201954234895,5.780543651927001,6.158508124936229,4.723409536866382,5.1013740098756095,3.7820393946464765,4.144694616183028,2.899637821828834,3.105784263237834,-1.03,7767.312402039804,10.144973756940134,3.7691140028827563,1.5196270384623976,99.81662216920553,10.633577208012664,17.167816166340895,5.817862777835028,0.0,0.0,0.0,0.0,9.967957041894417,0.0,0.0,11.600939890232516,31.60119253786543,12.586597235060536,0.0,0.0,23.23666544590257,0.0,9.967957041894417,5.917906046161393,31.725127320852,17.17833361392524,11.349953388505867,0.0,0.0,10.633577208012664,11.635725555670057,0.0,11.600939890232516,22.554554276954953,0.0,5.917906046161393,25.683286491704038,6.3273200747645415,5.022633313741326,0.0,0.0,55.04,0.0,0.0,0.0,0.0,16.882336920724317,18.280525229908996,32.01060656646858,0.0,0.0,14.867866772744893,17.3346073673947,0.0,6.172008062484252,10.506233465608465,0.5093055555555557,5.715698696145125,2.008274754346183,0.5942592592592593,6.701720206601159,1.0702777777777779,0.0,0.6363636363636364,16,2,4,1,2,3,0,1,1,4,1,5,1,1,2,3,4,2.091,64.54640000000002,0,0,0,1,0,2,0,0,0,0,0,0,0,0,0,3,0,1,0,0,0,0,0,0,0,0,0,0,0,2,0,0,0,0,0,0,3,0,0,0,0,0,0,0,1,0,0,0,0,0,0,0,0,0,0,0,0,0,0,0,0,0,0,0,0,0,0,0,0,2,0,0,0,0,0,0,0,0,0,0,0,0,0,0,0
base2083-iso0,rank3_mod,-1.51,0.98,-9.2013,2.8042,1.0,31.2259,0.097,1853,30.87431398,23.5462,9.553878043944872,1,6.172008062484252,6.172008062484252,0.38251259763164525,0.38251259763164525,0.814174907488827,28.4375,238.72199999999992,223.60199999999998,238.09852415999998,86,0,0.15279654686861083,-0.3822899491129654,0.3822899491129654,0.15279654686861083,1.25,2.0,2.625,35.495691697576895,9.798158386541315,2.3494100685544597,-2.4572054932252954,2.3936142876302213,-2.4822167237332837,6.346733296249364,0.25059908760562144,2.339551928325242,1.9473799577012458,400.97107795115886,11.120955864630139,9.064540242200344,9.8204691882188,7.7540201954234895,5.780543651927001,6.158508124936229,4.723409536866382,5.1013740098756095,3.7820393946464765,4.144694616183028,2.899637821828834,3.105784263237834,-1.03,7767.312402039804,10.144973756940134,3.7691140028827563,1.5196270384623976,99.81662216920553,10.633577208012664,17.167816166340895,5.817862777835028,0.0,0.0,0.0,0.0,9.967957041894417,0.0,0.0,11.600939890232516,31.60119253786543,12.586597235060536,0.0,0.0,23.23666544590257,0.0,9.967957041894417,5.917906046161393,31.725127320852,17.17833361392524,11.349953388505867,0.0,0.0,10.633577208012664,11.635725555670057,0.0,11.600939890232516,22.554554276954953,0.0,5.917906046161393,25.683286491704038,6.3273200747645415,5.022633313741326,0.0,0.0,55.04,0.0,0.0,0.0,0.0,16.882336920724317,18.280525229908996,32.01060656646858,0.0,0.0,14.867866772744893,17.3346073673947,0.0,6.172008062484252,10.506233465608465,0.5093055555555557,5.715698696145125,2.008274754346183,0.5942592592592593,6.701720206601159,1.0702777777777779,0.0,0.6363636363636364,16,2,4,1,2,3,0,1,1,4,1,5,1,1,2,3,4,2.091,64.54640000000002,0,0,0,1,0,2,0,0,0,0,0,0,0,0,0,3,0,1,0,0,0,0,0,0,0,0,0,0,0,2,0,0,0,0,0,0,3,0,0,0,0,0,0,0,1,0,0,0,0,0,0,0,0,0,0,0,0,0,0,0,0,0,0,0,0,0,0,0,0,2,0,0,0,0,0,0,0,0,0,0,0,0,0,0,0
base2050-iso0,rank1_mod,0.11,1.952,-7.1204,2.4766,0.0,21.4596,0.109,1802,23.850639609999998,21.4661,9.934392786187423,1,5.605092592592593,5.605092592592593,0.5375925925925928,0.5375925925925928,0.5931799319976649,10.636363636363637,148.16899999999998,140.105,148.074896256,56,0,0.14468757802288207,-0.3830324170912223,0.3830324170912223,0.14468757802288207,1.4545454545454546,2.272727272727273,3.0,15.032071982080874,10.377243370338372,2.007509390481514,-1.9443902684977028,2.1497866835973207,-1.9332097359629488,5.852823883321381,0.943945216949766,2.347373533859501,2.941490232177503,390.2399457476436,7.8449349826912425,6.151041863258378,6.151041863258378,5.287693700234703,3.303314260514338,3.303314260514338,2.422834284513229,2.422834284513229,1.6925937193827343,1.6925937193827343,1.0973093021708105,1.0973093021708105,-1.5799999999999998,532.8537921861068,6.150913900258252,1.9496253118476012,0.756385534605999,63.67632833214414,10.30076712495354,17.7923600733673,0.0,0.0,0.0,0.0,0.0,9.967957041894417,0.0,0.0,0.0,6.06636706846161,13.244515554290267,5.386224214464796,0.0,16.85126421306755,0.0,14.53505668968577,7.04767198267719,0.0,5.733667477162185,18.59053071483923,0.0,0.0,5.733667477162185,5.817862777835028,0.0,0.0,14.53505668968577,7.04767198267719,0.0,0.0,18.59053071483923,0.0,11.033401435232523,0.0,56.73,0.0,0.0,0.0,0.0,5.817862777835028,11.033401435232523,6.3273200747645415,0.0,23.87798227054323,9.967957041894417,5.733667477162185,1.9100925925925925,0.0,7.9474074074074075,0.9120370370370373,6.477777777777778,0.5375925925925928,1.9074074074074074,3.3823148148148148,0.0,1.9253703703703704,0.14285714285714285,11,2,4,0,0,0,0,2,2,4,1,4,0,0,0,0,2,0.5504999999999999,42.921400000000006,0,0,0,1,0,3,0,0,0,0,0,0,0,0,0,3,0,1,0,0,0,0,0,0,0,0,0,0,0,1,1,0,0,0,0,0,1,0,0,0,0,0,0,0,0,0,0,0,0,0,0,0,0,0,0,0,0,0,0,0,0,0,0,0,0,0,0,0,0,0,0,0,0,0,0,0,0,0,0,0,0,0,0,0,0
base2050-iso0,rank2_mod,-0.13,0.529,-8.6266,3.7797,1.0,3.0336,0.122,2066,21.909330949999998,2.6537,11.552266617455341,1,5.605092592592593,5.605092592592593,0.5375925925925928,0.5375925925925928,0.5931799319976649,10.636363636363637,148.16899999999998,140.105,148.074896256,56,0,0.14468757802288207,-0.3830324170912223,0.3830324170912223,0.14468757802288207,1.4545454545454546,2.272727272727273,3.0,15.032071982080874,10.377243370338372,2.007509390481514,-1.9443902684977028,2.1497866835973207,-1.9332097359629488,5.852823883321381,0.943945216949766,2.347373533859501,2.941490232177503,390.2399457476436,7.8449349826912425,6.151041863258378,6.151041863258378,5.287693700234703,3.303314260514338,3.303314260514338,2.422834284513229,2.422834284513229,1.6925937193827343,1.6925937193827343,1.0973093021708105,1.0973093021708105,-1.5799999999999998,532.8537921861068,6.150913900258252,1.9496253118476012,0.756385534605999,63.67632833214414,10.30076712495354,17.7923600733673,0.0,0.0,0.0,0.0,0.0,9.967957041894417,0.0,0.0,0.0,6.06636706846161,13.244515554290267,5.386224214464796,0.0,16.85126421306755,0.0,14.53505668968577,7.04767198267719,0.0,5.733667477162185,18.59053071483923,0.0,0.0,5.733667477162185,5.817862777835028,0.0,0.0,14.53505668968577,7.04767198267719,0.0,0.0,18.59053071483923,0.0,11.033401435232523,0.0,56.73,0.0,0.0,0.0,0.0,5.817862777835028,11.033401435232523,6.3273200747645415,0.0,23.87798227054323,9.967957041894417,5.733667477162185,1.9100925925925925,0.0,7.9474074074074075,0.9120370370370373,6.477777777777778,0.5375925925925928,1.9074074074074074,3.3823148148148148,0.0,1.9253703703703704,0.14285714285714285,11,2,4,0,0,0,0,2,2,4,1,4,0,0,0,0,2,0.5504999999999999,42.921400000000006,0,0,0,1,0,3,0,0,0,0,0,0,0,0,0,3,0,1,0,0,0,0,0,0,0,0,0,0,0,1,1,0,0,0,0,0,1,0,0,0,0,0,0,0,0,0,0,0,0,0,0,0,0,0,0,0,0,0,0,0,0,0,0,0,0,0,0,0,0,0,0,0,0,0,0,0,0,0,0,0,0,0,0,0,0
base2050-iso0,rank3_mod,-0.5,0.566,-10.0057,2.4291,0.0,5.7261,0.03,2294,25.628099316666667,25.3112,10.333952166874033,1,5.605092592592593,5.605092592592593,0.5375925925925928,0.5375925925925928,0.5931799319976649,10.636363636363637,148.16899999999998,140.105,148.074896256,56,0,0.14468757802288207,-0.3830324170912223,0.3830324170912223,0.14468757802288207,1.4545454545454546,2.272727272727273,3.0,15.032071982080874,10.377243370338372,2.007509390481514,-1.9443902684977028,2.1497866835973207,-1.9332097359629488,5.852823883321381,0.943945216949766,2.347373533859501,2.941490232177503,390.2399457476436,7.8449349826912425,6.151041863258378,6.151041863258378,5.287693700234703,3.303314260514338,3.303314260514338,2.422834284513229,2.422834284513229,1.6925937193827343,1.6925937193827343,1.0973093021708105,1.0973093021708105,-1.5799999999999998,532.8537921861068,6.150913900258252,1.9496253118476012,0.756385534605999,63.67632833214414,10.30076712495354,17.7923600733673,0.0,0.0,0.0,0.0,0.0,9.967957041894417,0.0,0.0,0.0,6.06636706846161,13.244515554290267,5.386224214464796,0.0,16.85126421306755,0.0,14.53505668968577,7.04767198267719,0.0,5.733667477162185,18.59053071483923,0.0,0.0,5.733667477162185,5.817862777835028,0.0,0.0,14.53505668968577,7.04767198267719,0.0,0.0,18.59053071483923,0.0,11.033401435232523,0.0,56.73,0.0,0.0,0.0,0.0,5.817862777835028,11.033401435232523,6.3273200747645415,0.0,23.87798227054323,9.967957041894417,5.733667477162185,1.9100925925925925,0.0,7.9474074074074075,0.9120370370370373,6.477777777777778,0.5375925925925928,1.9074074074074074,3.3823148148148148,0.0,1.9253703703703704,0.14285714285714285,11,2,4,0,0,0,0,2,2,4,1,4,0,0,0,0,2,0.5504999999999999,42.921400000000006,0,0,0,1,0,3,0,0,0,0,0,0,0,0,0,3,0,1,0,0,0,0,0,0,0,0,0,0,0,1,1,0,0,0,0,0,1,0,0,0,0,0,0,0,0,0,0,0,0,0,0,0,0,0,0,0,0,0,0,0,0,0,0,0,0,0,0,0,0,0,0,0,0,0,0,0,0,0,0,0,0,0,0,0,0
base2482-iso0,rank1_mod,-0.01,0.516,-16.2919,2.7753,2.0,0.9819,0.103,2190,24.301337070000002,0.9044,12.050833477590205,1,5.719506645250693,5.719506645250693,0.25955971277399836,0.25955971277399836,0.797022644760945,20.625,219.24799999999996,206.14399999999998,219.112010036,84,0,0.16499960677252717,-0.3817322582331305,0.3817322582331305,0.16499960677252717,1.4375,2.375,3.1875,16.491800842480952,10.21382396338398,2.1992513835380083,-2.1454732965192322,2.228129785281065,-2.177571308827565,5.638490925319081,0.09682383471241567,2.923989654557541,1.9162435881853226,462.4943103356872,10.957819157813608,8.83493087396839,8.83493087396839,7.843336592900529,5.372999626518268,5.372999626518268,3.963081953409467,3.963081953409467,2.853857025993683,2.853857025993683,2.040084078282166,2.040084078282166,-1.6900000000000002,10856.773587372149,9.529888570654187,3.7120140751157487,1.5083750729570515,92.81791340111913,15.037630078753589,12.021248069613002,11.642267275834955,0.0,0.0,0.0,0.0,14.951935562841626,0.0,0.0,0.0,12.841643245852019,6.606881964512918,18.976042868425417,4.736862953800049,5.817862777835028,0.0,19.51903521063298,0.0,25.490366039512896,12.340549441675103,12.654640149529083,0.0,11.518332492848387,5.733667477162185,5.817862777835028,0.0,0.0,32.2298835628942,11.281619359712625,0.0,12.841643245852019,12.654640149529083,0.0,11.518332492848387,0.0,78.85,0.0,0.0,0.0,6.103966387748303,11.51179077268349,31.817686114277436,6.3273200747645415,6.3273200747645415,4.567099647791355,14.951935562841626,10.470530430962235,7.537594718442933,0.0,12.395287698412698,0.0,6.386633440413203,1.2074910241874537,0.0,5.6893280738221215,1.6169983780549257,0.0,0.5,16,2,6,0,3,3,0,0,0,6,1,6,2,0,1,1,3,0.5390999999999997,57.825400000000016,0,0,0,1,0,4,0,0,0,0,0,0,0,0,0,4,0,1,0,0,0,0,0,0,0,0,0,0,0,1,0,0,0,0,0,0,1,0,0,0,0,1,0,0,0,0,0,1,0,0,0,0,0,0,0,0,0,0,0,0,0,0,0,0,0,0,0,0,0,0,0,0,0,0,0,0,0,0,0,0,0,0,0,0,0
base2482-iso0,rank2_mod,-0.7,0.646,-9.6826,2.0656,1.0,2.7082,0.087,2087,24.642971893333332,2.5764,11.147761470084626,1,5.719506645250693,5.719506645250693,0.25955971277399836,0.25955971277399836,0.797022644760945,20.625,219.24799999999996,206.14399999999998,219.112010036,84,0,0.16499960677252717,-0.3817322582331305,0.3817322582331305,0.16499960677252717,1.4375,2.375,3.1875,16.491800842480952,10.21382396338398,2.1992513835380083,-2.1454732965192322,2.228129785281065,-2.177571308827565,5.638490925319081,0.09682383471241567,2.923989654557541,1.9162435881853226,462.4943103356872,10.957819157813608,8.83493087396839,8.83493087396839,7.843336592900529,5.372999626518268,5.372999626518268,3.963081953409467,3.963081953409467,2.853857025993683,2.853857025993683,2.040084078282166,2.040084078282166,-1.6900000000000002,10856.773587372149,9.529888570654187,3.7120140751157487,1.5083750729570515,92.81791340111913,15.037630078753589,12.021248069613002,11.642267275834955,0.0,0.0,0.0,0.0,14.951935562841626,0.0,0.0,0.0,12.841643245852019,6.606881964512918,18.976042868425417,4.736862953800049,5.817862777835028,0.0,19.51903521063298,0.0,25.490366039512896,12.340549441675103,12.654640149529083,0.0,11.518332492848387,5.733667477162185,5.817862777835028,0.0,0.0,32.2298835628942,11.281619359712625,0.0,12.841643245852019,12.654640149529083,0.0,11.518332492848387,0.0,78.85,0.0,0.0,0.0,6.103966387748303,11.51179077268349,31.817686114277436,6.3273200747645415,6.3273200747645415,4.567099647791355,14.951935562841626,10.470530430962235,7.537594718442933,0.0,12.395287698412698,0.0,6.386633440413203,1.2074910241874537,0.0,5.6893280738221215,1.6169983780549257,0.0,0.5,16,2,6,0,3,3,0,0,0,6,1,6,2,0,1,1,3,0.5390999999999997,57.825400000000016,0,0,0,1,0,4,0,0,0,0,0,0,0,0,0,4,0,1,0,0,0,0,0,0,0,0,0,0,0,1,0,0,0,0,0,0,1,0,0,0,0,1,0,0,0,0,0,1,0,0,0,0,0,0,0,0,0,0,0,0,0,0,0,0,0,0,0,0,0,0,0,0,0,0,0,0,0,0,0,0,0,0,0,0,0
base2482-iso0,rank3_mod,-0.76,1.987,-5.4964,2.5544,0.0,37.9886,0.018,2663,33.10012128666667,10.4518,12.027860976766771,1,5.719506645250693,5.719506645250693,0.25955971277399836,0.25955971277399836,0.797022644760945,20.625,219.24799999999996,206.14399999999998,219.112010036,84,0,0.16499960677252717,-0.3817322582331305,0.3817322582331305,0.16499960677252717,1.4375,2.375,3.1875,16.491800842480952,10.21382396338398,2.1992513835380083,-2.1454732965192322,2.228129785281065,-2.177571308827565,5.638490925319081,0.09682383471241567,2.923989654557541,1.9162435881853226,462.4943103356872,10.957819157813608,8.83493087396839,8.83493087396839,7.843336592900529,5.372999626518268,5.372999626518268,3.963081953409467,3.963081953409467,2.853857025993683,2.853857025993683,2.040084078282166,2.040084078282166,-1.6900000000000002,10856.773587372149,9.529888570654187,3.7120140751157487,1.5083750729570515,92.81791340111913,15.037630078753589,12.021248069613002,11.642267275834955,0.0,0.0,0.0,0.0,14.951935562841626,0.0,0.0,0.0,12.841643245852019,6.606881964512918,18.976042868425417,4.736862953800049,5.817862777835028,0.0,19.51903521063298,0.0,25.490366039512896,12.340549441675103,12.654640149529083,0.0,11.518332492848387,5.733667477162185,5.817862777835028,0.0,0.0,32.2298835628942,11.281619359712625,0.0,12.841643245852019,12.654640149529083,0.0,11.518332492848387,0.0,78.85,0.0,0.0,0.0,6.103966387748303,11.51179077268349,31.817686114277436,6.3273200747645415,6.3273200747645415,4.567099647791355,14.951935562841626,10.470530430962235,7.537594718442933,0.0,12.395287698412698,0.0,6.386633440413203,1.2074910241874537,0.0,5.6893280738221215,1.6169983780549257,0.0,0.5,16,2,6,0,3,3,0,0,0,6,1,6,2,0,1,1,3,0.5390999999999997,57.825400000000016,0,0,0,1,0,4,0,0,0,0,0,0,0,0,0,4,0,1,0,0,0,0,0,0,0,0,0,0,0,1,0,0,0,0,0,0,1,0,0,0,0,1,0,0,0,0,0,1,0,0,0,0,0,0,0,0,0,0,0,0,0,0,0,0,0,0,0,0,0,0,0,0,0,0,0,0,0,0,0,0,0,0,0,0,0
base2044-iso0,rank1_mod,0.33,0.548,-14.0892,2.1635,1.0,2.7345,0.73,625,8.34531638,2.5938,9.949954164069721,1,5.214643329554043,5.214643329554043,0.5753703703703704,0.5753703703703704,0.6925924860226649,10.75,215.216,206.14399999999998,215.080709908,80,0,0.16228282641324146,-0.467477322167916,0.467477322167916,0.16228282641324146,1.3125,2.3125,3.1875,16.333138081348874,10.399736678561368,2.051416175373955,-2.0223509199372582,2.147877514484491,-2.0103908346847637,5.812894509969841,0.5176195541180038,2.9678397843288398,1.860925836465954,586.0665899415604,10.794682450997076,8.343747204098415,8.343747204098415,7.932652990377571,4.836367185161708,4.836367185161708,3.254942677282216,3.254942677282216,2.2273587039930347,2.2273587039930347,1.4780217264624274,1.4780217264624274,-2.37,12331.374303886329,8.899889220861994,3.6513186980890944,1.4968660583693425,90.7473997832315,14.717918062006888,17.604268211255246,11.465039998602755,0.0,0.0,0.0,0.0,14.951935562841626,0.0,0.0,0.0,12.13273413692322,0.0,19.135239476316173,4.417150937053347,16.98174071621902,0.0,19.935914083788834,0.0,6.544756405912575,5.316788604006331,36.810784700965804,0.0,0.0,5.316788604006331,5.817862777835028,0.0,0.0,19.935914083788834,6.544756405912575,0.0,5.760247418874442,35.467688219144705,0.0,11.16387793838399,0.0,79.63000000000001,0.0,0.0,0.0,0.0,12.362619183747604,16.924125357258433,6.3273200747645415,12.590483070403598,12.13273413692322,25.252702687795164,4.417150937053347,5.214643329554043,0.0,15.25880291005291,3.1487962962962963,1.4500009448223738,1.5462481103552532,3.7470830971277396,4.72572160808768,0.5753703703703704,0.0,0.1,16,2,6,0,0,0,0,3,3,5,2,6,3,0,0,0,3,1.5579999999999998,57.7184,0,0,0,0,0,4,1,0,0,0,0,0,0,0,0,3,2,0,0,0,0,1,0,0,0,0,0,0,0,1,0,0,0,0,0,0,1,0,0,0,0,0,1,0,0,0,0,1,0,0,0,0,0,0,0,0,0,0,0,0,0,0,0,0,0,0,0,0,0,0,0,0,0,0,0,0,0,0,0,0,0,0,0,0,0
base2044-iso0,rank2_mod,-0.82,0.971,-12.9413,2.0495,0.0,32.6121,0.095,2015,29.13432051666667,22.5825,9.099499583275302,1,5.214643329554043,5.214643329554043,0.5753703703703704,0.5753703703703704,0.6925924860226649,10.75,215.216,206.14399999999998,215.080709908,80,0,0.16228282641324146,-0.467477322167916,0.467477322167916,0.16228282641324146,1.3125,2.3125,3.1875,16.333138081348874,10.399736678561368,2.051416175373955,-2.0223509199372582,2.147877514484491,-2.0103908346847637,5.812894509969841,0.5176195541180038,2.9678397843288398,1.860925836465954,586.0665899415604,10.794682450997076,8.343747204098415,8.343747204098415,7.932652990377571,4.836367185161708,4.836367185161708,3.254942677282216,3.254942677282216,2.2273587039930347,2.2273587039930347,1.4780217264624274,1.4780217264624274,-2.37,12331.374303886329,8.899889220861994,3.6513186980890944,1.4968660583693425,90.7473997832315,14.717918062006888,17.604268211255246,11.465039998602755,0.0,0.0,0.0,0.0,14.951935562841626,0.0,0.0,0.0,12.13273413692322,0.0,19.135239476316173,4.417150937053347,16.98174071621902,0.0,19.935914083788834,0.0,6.544756405912575,5.316788604006331,36.810784700965804,0.0,0.0,5.316788604006331,5.817862777835028,0.0,0.0,19.935914083788834,6.544756405912575,0.0,5.760247418874442,35.467688219144705,0.0,11.16387793838399,0.0,79.63000000000001,0.0,0.0,0.0,0.0,12.362619183747604,16.924125357258433,6.3273200747645415,12.590483070403598,12.13273413692322,25.252702687795164,4.417150937053347,5.214643329554043,0.0,15.25880291005291,3.1487962962962963,1.4500009448223738,1.5462481103552532,3.7470830971277396,4.72572160808768,0.5753703703703704,0.0,0.1,16,2,6,0,0,0,0,3,3,5,2,6,3,0,0,0,3,1.5579999999999998,57.7184,0,0,0,0,0,4,1,0,0,0,0,0,0,0,0,3,2,0,0,0,0,1,0,0,0,0,0,0,0,1,0,0,0,0,0,0,1,0,0,0,0,0,1,0,0,0,0,1,0,0,0,0,0,0,0,0,0,0,0,0,0,0,0,0,0,0,0,0,0,0,0,0,0,0,0,0,0,0,0,0,0,0,0,0,0
base2044-iso0,rank3_mod,-1.84,0.958,-12.3714,2.3781,0.0,14.8092,0.106,1936,23.90855065666667,14.6379,10.747705480752915,1,5.214643329554043,5.214643329554043,0.5753703703703704,0.5753703703703704,0.6925924860226649,10.75,215.216,206.14399999999998,215.080709908,80,0,0.16228282641324146,-0.467477322167916,0.467477322167916,0.16228282641324146,1.3125,2.3125,3.1875,16.333138081348874,10.399736678561368,2.051416175373955,-2.0223509199372582,2.147877514484491,-2.0103908346847637,5.812894509969841,0.5176195541180038,2.9678397843288398,1.860925836465954,586.0665899415604,10.794682450997076,8.343747204098415,8.343747204098415,7.932652990377571,4.836367185161708,4.836367185161708,3.254942677282216,3.254942677282216,2.2273587039930347,2.2273587039930347,1.4780217264624274,1.4780217264624274,-2.37,12331.374303886329,8.899889220861994,3.6513186980890944,1.4968660583693425,90.7473997832315,14.717918062006888,17.604268211255246,11.465039998602755,0.0,0.0,0.0,0.0,14.951935562841626,0.0,0.0,0.0,12.13273413692322,0.0,19.135239476316173,4.417150937053347,16.98174071621902,0.0,19.935914083788834,0.0,6.544756405912575,5.316788604006331,36.810784700965804,0.0,0.0,5.316788604006331,5.817862777835028,0.0,0.0,19.935914083788834,6.544756405912575,0.0,5.760247418874442,35.467688219144705,0.0,11.16387793838399,0.0,79.63000000000001,0.0,0.0,0.0,0.0,12.362619183747604,16.924125357258433,6.3273200747645415,12.590483070403598,12.13273413692322,25.252702687795164,4.417150937053347,5.214643329554043,0.0,15.25880291005291,3.1487962962962963,1.4500009448223738,1.5462481103552532,3.7470830971277396,4.72572160808768,0.5753703703703704,0.0,0.1,16,2,6,0,0,0,0,3,3,5,2,6,3,0,0,0,3,1.5579999999999998,57.7184,0,0,0,0,0,4,1,0,0,0,0,0,0,0,0,3,2,0,0,0,0,1,0,0,0,0,0,0,0,1,0,0,0,0,0,0,1,0,0,0,0,0,1,0,0,0,0,1,0,0,0,0,0,0,0,0,0,0,0,0,0,0,0,0,0,0,0,0,0,0,0,0,0,0,0,0,0,0,0,0,0,0,0,0,0
base2472-iso0,rank1_mod,-0.02,0.581,-12.9477,2.6876,0.0,4.1597,0.663,714,11.477545336666667,3.6161,11.523768922516608,1,11.15074074074074,11.15074074074074,0.05449074074074045,-0.4733796296296291,0.4587711056631151,10.461538461538462,179.139,174.099,179.0443244,66,0,0.27991431863237043,-0.369251642605012,0.369251642605012,0.27991431863237043,1.3076923076923077,2.076923076923077,2.8461538461538463,16.141542335457174,10.491573601711934,2.020827292703895,-1.9457802017358414,1.9548566173721686,-2.1651893622483294,5.679142237515197,1.1001291654659144,2.0178037626775502,3.0317172747849592,568.9816990130837,9.422285251880869,6.365624310306894,6.365624310306894,6.164703797946449,3.4146178426505873,3.4146178426505873,2.3958312105111474,2.3958312105111474,1.4657410580335017,1.4657410580335017,0.9634814617575086,0.9634814617575086,-2.18,970.5636098479017,7.46818870765945,2.4056545250484644,1.1531710041086705,70.65459447211848,10.717645998109393,0.0,11.16387793838399,5.948339280986494,11.118533790104014,0.0,14.573052889090853,4.9839785209472085,4.9839785209472085,0.0,0.0,0.0,0.0,6.196843571613076,0.0,17.112217219370482,0.0,19.935914083788834,0.0,0.0,5.733667477162185,26.904451729860735,0.0,0.0,16.8522012672662,5.948339280986494,0.0,0.0,19.935914083788834,0.0,0.0,0.0,15.785917939756718,0.0,11.16387793838399,0.0,117.51999999999998,11.118533790104014,9.589074368143644,0.0,17.112217219370482,0.0,6.196843571613076,0.0,0.0,0.0,19.935914083788834,5.733667477162185,0.0,0.0,33.86432634164777,0.0,4.514128873771732,-0.05449074074074045,0.0,1.0093688586545728,0.0,0.0,0.0,13,4,7,0,0,0,0,2,2,5,3,7,0,0,0,0,2,-1.4114000000000004,45.191799999999986,0,0,0,1,0,4,2,0,0,0,0,0,0,0,0,2,2,1,0,0,0,2,0,0,0,0,0,0,0,1,0,0,0,0,0,0,1,0,0,0,0,0,0,0,0,0,0,0,0,0,0,0,0,0,0,0,0,0,0,0,0,0,0,0,0,0,0,0,0,0,0,0,0,0,0,0,0,0,0,0,0,0,0,0,0
base2472-iso0,rank2_mod,-0.14,0.609,-13.1927,2.3708,0.0,5.2846,0.568,696,11.641390253333332,4.8648,11.083405796157349,1,11.15074074074074,11.15074074074074,0.05449074074074045,-0.4733796296296291,0.4587711056631151,10.461538461538462,179.139,174.099,179.0443244,66,0,0.27991431863237043,-0.369251642605012,0.369251642605012,0.27991431863237043,1.3076923076923077,2.076923076923077,2.8461538461538463,16.141542335457174,10.491573601711934,2.020827292703895,-1.9457802017358414,1.9548566173721686,-2.1651893622483294,5.679142237515197,1.1001291654659144,2.0178037626775502,3.0317172747849592,568.9816990130837,9.422285251880869,6.365624310306894,6.365624310306894,6.164703797946449,3.4146178426505873,3.4146178426505873,2.3958312105111474,2.3958312105111474,1.4657410580335017,1.4657410580335017,0.9634814617575086,0.9634814617575086,-2.18,970.5636098479017,7.46818870765945,2.4056545250484644,1.1531710041086705,70.65459447211848,10.717645998109393,0.0,11.16387793838399,5.948339280986494,11.118533790104014,0.0,14.573052889090853,4.9839785209472085,4.9839785209472085,0.0,0.0,0.0,0.0,6.196843571613076,0.0,17.112217219370482,0.0,19.935914083788834,0.0,0.0,5.733667477162185,26.904451729860735,0.0,0.0,16.8522012672662,5.948339280986494,0.0,0.0,19.935914083788834,0.0,0.0,0.0,15.785917939756718,0.0,11.16387793838399,0.0,117.51999999999998,11.118533790104014,9.589074368143644,0.0,17.112217219370482,0.0,6.196843571613076,0.0,0.0,0.0,19.935914083788834,5.733667477162185,0.0,0.0,33.86432634164777,0.0,4.514128873771732,-0.05449074074074045,0.0,1.0093688586545728,0.0,0.0,0.0,13,4,7,0,0,0,0,2,2,5,3,7,0,0,0,0,2,-1.4114000000000004,45.191799999999986,0,0,0,1,0,4,2,0,0,0,0,0,0,0,0,2,2,1,0,0,0,2,0,0,0,0,0,0,0,1,0,0,0,0,0,0,1,0,0,0,0,0,0,0,0,0,0,0,0,0,0,0,0,0,0,0,0,0,0,0,0,0,0,0,0,0,0,0,0,0,0,0,0,0,0,0,0,0,0,0,0,0,0,0,0
base2472-iso0,rank3_mod,-0.19,0.595,-13.2917,2.1628,0.0,6.3322,0.036,2135,25.793665806666663,25.726,9.931775096122989,1,11.15074074074074,11.15074074074074,0.05449074074074045,-0.4733796296296291,0.4587711056631151,10.461538461538462,179.139,174.099,179.0443244,66,0,0.27991431863237043,-0.369251642605012,0.369251642605012,0.27991431863237043,1.3076923076923077,2.076923076923077,2.8461538461538463,16.141542335457174,10.491573601711934,2.020827292703895,-1.9457802017358414,1.9548566173721686,-2.1651893622483294,5.679142237515197,1.1001291654659144,2.0178037626775502,3.0317172747849592,568.9816990130837,9.422285251880869,6.365624310306894,6.365624310306894,6.164703797946449,3.4146178426505873,3.4146178426505873,2.3958312105111474,2.3958312105111474,1.4657410580335017,1.4657410580335017,0.9634814617575086,0.9634814617575086,-2.18,970.5636098479017,7.46818870765945,2.4056545250484644,1.1531710041086705,70.65459447211848,10.717645998109393,0.0,11.16387793838399,5.948339280986494,11.118533790104014,0.0,14.573052889090853,4.9839785209472085,4.9839785209472085,0.0,0.0,0.0,0.0,6.196843571613076,0.0,17.112217219370482,0.0,19.935914083788834,0.0,0.0,5.733667477162185,26.904451729860735,0.0,0.0,16.8522012672662,5.948339280986494,0.0,0.0,19.935914083788834,0.0,0.0,0.0,15.785917939756718,0.0,11.16387793838399,0.0,117.51999999999998,11.118533790104014,9.589074368143644,0.0,17.112217219370482,0.0,6.196843571613076,0.0,0.0,0.0,19.935914083788834,5.733667477162185,0.0,0.0,33.86432634164777,0.0,4.514128873771732,-0.05449074074074045,0.0,1.0093688586545728,0.0,0.0,0.0,13,4,7,0,0,0,0,2,2,5,3,7,0,0,0,0,2,-1.4114000000000004,45.191799999999986,0,0,0,1,0,4,2,0,0,0,0,0,0,0,0,2,2,1,0,0,0,2,0,0,0,0,0,0,0,1,0,0,0,0,0,0,1,0,0,0,0,0,0,0,0,0,0,0,0,0,0,0,0,0,0,0,0,0,0,0,0,0,0,0,0,0,0,0,0,0,0,0,0,0,0,0,0,0,0,0,0,0,0,0,0
base2069-iso0,rank1_mod,-0.29,0.532,-21.7306,2.6469,2.0,6.1002,0.229,1064,15.683504463333334,6.0782,12.051134053661245,1,5.643894085411943,5.643894085411943,0.4923611111111109,0.4923611111111109,0.8270434354870707,27.666666666666668,244.298,228.16999999999996,244.132411132,94,0,0.14234362987381585,-0.378930783704948,0.378930783704948,0.14234362987381585,1.3333333333333333,2.3333333333333335,3.3333333333333335,16.482038737432497,9.917639056284925,2.3669838875494538,-2.369566264335639,2.337297201188432,-2.449750365756222,5.869936003032019,0.18380575199765473,3.0568702487766126,1.789008180915471,566.8715153991645,11.949382989376328,10.172174328844605,10.172174328844605,8.932652990377573,6.557756904945767,6.557756904945767,5.137736189647384,5.137736189647384,4.143935505588194,4.143935505588194,3.247679262895505,3.247679262895505,-1.6199999999999999,42649.4537109313,10.316182652953636,3.948656226456511,1.4333399581885813,105.17783542756753,14.620751205597735,17.7923600733673,0.0,0.0,0.0,0.0,0.0,9.967957041894417,0.0,0.0,0.0,18.90801031431363,18.659506023687044,24.641828972638592,4.736862953800049,16.85126421306755,0.0,14.951935562841626,5.917906046161393,18.88348407499998,24.65843006578889,18.59053071483923,0.0,0.0,4.899909730850478,5.817862777835028,0.0,0.0,40.752296726928,4.736862953800049,5.917906046161393,12.841643245852019,18.59053071483923,0.0,11.033401435232523,0.0,54.040000000000006,0.0,0.0,0.0,0.0,11.959746875309353,36.60978454800597,12.841643245852019,6.3273200747645415,6.196843571613076,25.91821236215371,4.736862953800049,5.643894085411943,0.0,14.325477371504157,1.115787037037037,0.9176284958427817,1.7260714285714287,2.5519718442932726,6.0753843065003785,2.810452097505669,0.0,0.5384615384615384,18,1,5,0,2,2,0,2,2,4,1,5,1,0,2,2,4,1.5730999999999997,68.56570000000004,0,0,0,0,0,3,1,0,0,0,0,0,0,0,0,3,1,0,0,0,0,1,0,0,0,0,0,0,0,1,0,0,0,0,0,0,2,0,0,0,0,1,0,0,0,0,0,0,0,0,0,0,0,0,0,0,0,0,0,0,0,0,0,0,0,0,0,0,0,1,0,0,0,0,0,0,0,0,0,0,0,0,0,0,0
base2069-iso0,rank2_mod,-0.68,0.528,-21.9641,2.4484,2.0,5.2995,0.316,1178,16.387306093333333,5.4315,12.471556227462,1,5.643894085411943,5.643894085411943,0.4923611111111109,0.4923611111111109,0.8270434354870707,27.666666666666668,244.298,228.16999999999996,244.132411132,94,0,0.14234362987381585,-0.378930783704948,0.378930783704948,0.14234362987381585,1.3333333333333333,2.3333333333333335,3.3333333333333335,16.482038737432497,9.917639056284925,2.3669838875494538,-2.369566264335639,2.337297201188432,-2.449750365756222,5.869936003032019,0.18380575199765473,3.0568702487766126,1.789008180915471,566.8715153991645,11.949382989376328,10.172174328844605,10.172174328844605,8.932652990377573,6.557756904945767,6.557756904945767,5.137736189647384,5.137736189647384,4.143935505588194,4.143935505588194,3.247679262895505,3.247679262895505,-1.6199999999999999,42649.4537109313,10.316182652953636,3.948656226456511,1.4333399581885813,105.17783542756753,14.620751205597735,17.7923600733673,0.0,0.0,0.0,0.0,0.0,9.967957041894417,0.0,0.0,0.0,18.90801031431363,18.659506023687044,24.641828972638592,4.736862953800049,16.85126421306755,0.0,14.951935562841626,5.917906046161393,18.88348407499998,24.65843006578889,18.59053071483923,0.0,0.0,4.899909730850478,5.817862777835028,0.0,0.0,40.752296726928,4.736862953800049,5.917906046161393,12.841643245852019,18.59053071483923,0.0,11.033401435232523,0.0,54.040000000000006,0.0,0.0,0.0,0.0,11.959746875309353,36.60978454800597,12.841643245852019,6.3273200747645415,6.196843571613076,25.91821236215371,4.736862953800049,5.643894085411943,0.0,14.325477371504157,1.115787037037037,0.9176284958427817,1.7260714285714287,2.5519718442932726,6.0753843065003785,2.810452097505669,0.0,0.5384615384615384,18,1,5,0,2,2,0,2,2,4,1,5,1,0,2,2,4,1.5730999999999997,68.56570000000004,0,0,0,0,0,3,1,0,0,0,0,0,0,0,0,3,1,0,0,0,0,1,0,0,0,0,0,0,0,1,0,0,0,0,0,0,2,0,0,0,0,1,0,0,0,0,0,0,0,0,0,0,0,0,0,0,0,0,0,0,0,0,0,0,0,0,0,0,0,1,0,0,0,0,0,0,0,0,0,0,0,0,0,0,0
base2069-iso0,rank3_mod,-1.49,0.66,-8.0458,1.853,0.0,27.3147,0.05,1855,27.11714577666666,28.229,10.108031247810105,1,5.643894085411943,5.643894085411943,0.4923611111111109,0.4923611111111109,0.8270434354870707,27.666666666666668,244.298,228.16999999999996,244.132411132,94,0,0.14234362987381585,-0.378930783704948,0.378930783704948,0.14234362987381585,1.3333333333333333,2.3333333333333335,3.3333333333333335,16.482038737432497,9.917639056284925,2.3669838875494538,-2.369566264335639,2.337297201188432,-2.449750365756222,5.869936003032019,0.18380575199765473,3.0568702487766126,1.789008180915471,566.8715153991645,11.949382989376328,10.172174328844605,10.172174328844605,8.932652990377573,6.557756904945767,6.557756904945767,5.137736189647384,5.137736189647384,4.143935505588194,4.143935505588194,3.247679262895505,3.247679262895505,-1.6199999999999999,42649.4537109313,10.316182652953636,3.948656226456511,1.4333399581885813,105.17783542756753,14.620751205597735,17.7923600733673,0.0,0.0,0.0,0.0,0.0,9.967957041894417,0.0,0.0,0.0,18.90801031431363,18.659506023687044,24.641828972638592,4.736862953800049,16.85126421306755,0.0,14.951935562841626,5.917906046161393,18.88348407499998,24.65843006578889,18.59053071483923,0.0,0.0,4.899909730850478,5.817862777835028,0.0,0.0,40.752296726928,4.736862953800049,5.917906046161393,12.841643245852019,18.59053071483923,0.0,11.033401435232523,0.0,54.040000000000006,0.0,0.0,0.0,0.0,11.959746875309353,36.60978454800597,12.841643245852019,6.3273200747645415,6.196843571613076,25.91821236215371,4.736862953800049,5.643894085411943,0.0,14.325477371504157,1.115787037037037,0.9176284958427817,1.7260714285714287,2.5519718442932726,6.0753843065003785,2.810452097505669,0.0,0.5384615384615384,18,1,5,0,2,2,0,2,2,4,1,5,1,0,2,2,4,1.5730999999999997,68.56570000000004,0,0,0,0,0,3,1,0,0,0,0,0,0,0,0,3,1,0,0,0,0,1,0,0,0,0,0,0,0,1,0,0,0,0,0,0,2,0,0,0,0,1,0,0,0,0,0,0,0,0,0,0,0,0,0,0,0,0,0,0,0,0,0,0,0,0,0,0,0,1,0,0,0,0,0,0,0,0,0,0,0,0,0,0,0
base2066-iso0,rank1_mod,0.24,0.54,-20.3674,2.6337,2.0,2.2156,1.0,2,2.47342921,2.4872,0.4071575371873184,1,4.490925925925926,4.490925925925926,0.6307842025699169,0.6307842025699169,0.8144368953088654,22.235294117647058,228.299,212.17099999999996,228.13749651199998,88,0,0.14234344524089712,-0.3553994536889009,0.3553994536889009,0.14234344524089712,1.2352941176470589,2.176470588235294,3.0588235294117645,15.21316372681575,9.948428006483477,2.4531853632371763,-2.3356168884816353,2.5217621150945395,-2.3658134686653365,5.86823841039533,0.39387096395287835,2.936254986456745,1.7513334713456905,555.2997336744587,11.294682450997076,9.816332281188037,9.816332281188037,8.363703305156273,6.3945708696739905,6.3945708696739905,5.462337209429085,5.462337209429085,4.250979640272462,4.250979640272462,3.084277221671684,3.084277221671684,-1.5799999999999998,22550.438295987802,9.450083431477609,3.215304770455829,1.4314468005254266,100.06429019806065,9.883888251797686,17.7923600733673,0.0,0.0,0.0,0.0,0.0,9.967957041894417,0.0,0.0,0.0,37.16464402956243,19.286356383438225,5.386224214464796,0.0,16.85126421306755,0.0,14.951935562841626,5.41499046939678,25.683286491704038,17.98942254267563,18.59053071483923,0.0,0.0,4.899909730850478,5.817862777835028,0.0,0.0,28.041448374666775,0.0,5.41499046939678,25.683286491704038,18.59053071483923,0.0,11.033401435232523,0.0,44.81,0.0,0.0,0.0,0.0,5.41499046939678,23.396020618980128,32.22804289761662,6.3273200747645415,6.196843571613076,25.91821236215371,0.0,0.0,0.0,14.356608323885109,1.1575925925925927,1.5802475434618293,1.1131712962962965,2.0821863189720333,9.137439295162508,2.3227546296296295,0.0,0.5384615384615384,17,1,4,1,1,2,0,2,2,3,1,4,1,1,1,2,4,2.3383000000000003,67.00270000000003,0,0,0,0,0,3,1,0,0,0,0,0,0,0,0,3,1,0,0,0,0,1,0,0,0,0,0,0,0,1,0,0,0,0,0,0,1,0,0,0,0,0,0,0,0,0,0,0,0,0,0,0,0,0,0,0,0,0,0,0,0,0,0,0,0,0,0,0,0,1,0,0,0,0,0,0,0,0,0,0,0,0,0,0,0
base2066-iso0,rank2_mod,0.09,0.54,-20.8738,2.5466,2.0,2.4125,1.0,2,2.46805651,2.3604,0.34577597898680956,1,4.490925925925926,4.490925925925926,0.6307842025699169,0.6307842025699169,0.8144368953088654,22.235294117647058,228.299,212.17099999999996,228.13749651199998,88,0,0.14234344524089712,-0.3553994536889009,0.3553994536889009,0.14234344524089712,1.2352941176470589,2.176470588235294,3.0588235294117645,15.21316372681575,9.948428006483477,2.4531853632371763,-2.3356168884816353,2.5217621150945395,-2.3658134686653365,5.86823841039533,0.39387096395287835,2.936254986456745,1.7513334713456905,555.2997336744587,11.294682450997076,9.816332281188037,9.816332281188037,8.363703305156273,6.3945708696739905,6.3945708696739905,5.462337209429085,5.462337209429085,4.250979640272462,4.250979640272462,3.084277221671684,3.084277221671684,-1.5799999999999998,22550.438295987802,9.450083431477609,3.215304770455829,1.4314468005254266,100.06429019806065,9.883888251797686,17.7923600733673,0.0,0.0,0.0,0.0,0.0,9.967957041894417,0.0,0.0,0.0,37.16464402956243,19.286356383438225,5.386224214464796,0.0,16.85126421306755,0.0,14.951935562841626,5.41499046939678,25.683286491704038,17.98942254267563,18.59053071483923,0.0,0.0,4.899909730850478,5.817862777835028,0.0,0.0,28.041448374666775,0.0,5.41499046939678,25.683286491704038,18.59053071483923,0.0,11.033401435232523,0.0,44.81,0.0,0.0,0.0,0.0,5.41499046939678,23.396020618980128,32.22804289761662,6.3273200747645415,6.196843571613076,25.91821236215371,0.0,0.0,0.0,14.356608323885109,1.1575925925925927,1.5802475434618293,1.1131712962962965,2.0821863189720333,9.137439295162508,2.3227546296296295,0.0,0.5384615384615384,17,1,4,1,1,2,0,2,2,3,1,4,1,1,1,2,4,2.3383000000000003,67.00270000000003,0,0,0,0,0,3,1,0,0,0,0,0,0,0,0,3,1,0,0,0,0,1,0,0,0,0,0,0,0,1,0,0,0,0,0,0,1,0,0,0,0,0,0,0,0,0,0,0,0,0,0,0,0,0,0,0,0,0,0,0,0,0,0,0,0,0,0,0,0,1,0,0,0,0,0,0,0,0,0,0,0,0,0,0,0
base2066-iso0,rank3_mod,-0.0,0.531,-20.832,2.4525,2.0,2.3067,1.0,2,2.3690386900000004,2.5453,0.3643208952797207,1,4.490925925925926,4.490925925925926,0.6307842025699169,0.6307842025699169,0.8144368953088654,22.235294117647058,228.299,212.17099999999996,228.13749651199998,88,0,0.14234344524089712,-0.3553994536889009,0.3553994536889009,0.14234344524089712,1.2352941176470589,2.176470588235294,3.0588235294117645,15.21316372681575,9.948428006483477,2.4531853632371763,-2.3356168884816353,2.5217621150945395,-2.3658134686653365,5.86823841039533,0.39387096395287835,2.936254986456745,1.7513334713456905,555.2997336744587,11.294682450997076,9.816332281188037,9.816332281188037,8.363703305156273,6.3945708696739905,6.3945708696739905,5.462337209429085,5.462337209429085,4.250979640272462,4.250979640272462,3.084277221671684,3.084277221671684,-1.5799999999999998,22550.438295987802,9.450083431477609,3.215304770455829,1.4314468005254266,100.06429019806065,9.883888251797686,17.7923600733673,0.0,0.0,0.0,0.0,0.0,9.967957041894417,0.0,0.0,0.0,37.16464402956243,19.286356383438225,5.386224214464796,0.0,16.85126421306755,0.0,14.951935562841626,5.41499046939678,25.683286491704038,17.98942254267563,18.59053071483923,0.0,0.0,4.899909730850478,5.817862777835028,0.0,0.0,28.041448374666775,0.0,5.41499046939678,25.683286491704038,18.59053071483923,0.0,11.033401435232523,0.0,44.81,0.0,0.0,0.0,0.0,5.41499046939678,23.396020618980128,32.22804289761662,6.3273200747645415,6.196843571613076,25.91821236215371,0.0,0.0,0.0,14.356608323885109,1.1575925925925927,1.5802475434618293,1.1131712962962965,2.0821863189720333,9.137439295162508,2.3227546296296295,0.0,0.5384615384615384,17,1,4,1,1,2,0,2,2,3,1,4,1,1,1,2,4,2.3383000000000003,67.00270000000003,0,0,0,0,0,3,1,0,0,0,0,0,0,0,0,3,1,0,0,0,0,1,0,0,0,0,0,0,0,1,0,0,0,0,0,0,1,0,0,0,0,0,0,0,0,0,0,0,0,0,0,0,0,0,0,0,0,0,0,0,0,0,0,0,0,0,0,0,0,1,0,0,0,0,0,0,0,0,0,0,0,0,0,0,0
base2079-iso0,rank1_mod,-0.37,0.567,-13.9353,2.0297,1.0,3.2548,0.997,3,3.308320766666667,2.9985,0.7187350086757142,1,5.726531084656084,5.726531084656084,0.4057484830351896,0.4057484830351896,0.7336241734156304,11.117647058823529,246.299,236.219,246.06876531999998,86,0,0.16528051865172938,-0.38173225548291423,0.38173225548291423,0.16528051865172938,1.3529411764705883,2.235294117647059,3.0,32.13348008729574,10.336415346665436,2.146762550572841,-2.0897961512137457,2.2181588398332877,-2.0891930706603246,7.091194425683893,0.7460553353986036,2.9164807038769367,2.011815536940056,627.6051355019694,11.828062645816686,9.160824125908704,9.97732070683643,8.237183443017882,5.061394176915704,5.9410469881706,3.6614550138518753,4.723682010941825,2.428449953762924,3.250775614618284,1.669855139085249,2.273648062650487,-2.0200000000000005,15130.701891713548,10.154318570590219,3.774606541918884,1.7376970284427953,101.53247843937366,10.30076712495354,12.021248069613002,11.642267275834955,0.0,0.0,0.0,0.0,19.935914083788834,0.0,11.336785877934737,0.0,6.923737199690624,5.380062770465915,23.573628172378342,0.0,17.154648655769765,0.0,24.503013731580186,0.0,13.4684936056032,5.733667477162185,28.736254611696225,0.0,11.518332492848387,5.733667477162185,5.817862777835028,0.0,11.336785877934737,24.503013731580186,6.544756405912575,6.923737199690624,10.701551691701226,18.034702919995,0.0,11.518332492848387,0.0,82.51,0.0,0.0,0.0,0.0,18.056547178596066,16.525956189701155,6.3273200747645415,17.66410595269928,16.870899617947895,19.935914083788834,5.733667477162185,1.8960185185185185,1.6286745454354579,16.784786391408414,3.0785134269757286,7.358774565381708,1.1447790952800878,0.0,3.1592561885865456,2.615863935080205,0.0,0.2,17,2,6,0,2,2,0,1,1,7,1,7,2,0,0,0,3,1.1733200000000001,64.80440000000002,0,0,0,1,0,5,0,0,0,0,0,0,0,0,0,5,0,1,0,0,0,0,0,0,0,0,0,0,0,1,1,0,0,0,0,0,1,0,0,0,0,0,0,0,0,0,0,1,0,0,0,0,0,0,0,0,0,0,0,0,0,0,0,0,0,0,0,0,0,0,0,0,0,0,0,0,0,0,0,0,1,0,0,0,0
base2079-iso0,rank2_mod,-0.41,1.844,-10.1723,2.9721,0.0,25.3554,0.188,1599,25.038941979999997,25.0203,9.205797178551695,1,5.726531084656084,5.726531084656084,0.4057484830351896,0.4057484830351896,0.7336241734156304,11.117647058823529,246.299,236.219,246.06876531999998,86,0,0.16528051865172938,-0.38173225548291423,0.38173225548291423,0.16528051865172938,1.3529411764705883,2.235294117647059,3.0,32.13348008729574,10.336415346665436,2.146762550572841,-2.0897961512137457,2.2181588398332877,-2.0891930706603246,7.091194425683893,0.7460553353986036,2.9164807038769367,2.011815536940056,627.6051355019694,11.828062645816686,9.160824125908704,9.97732070683643,8.237183443017882,5.061394176915704,5.9410469881706,3.6614550138518753,4.723682010941825,2.428449953762924,3.250775614618284,1.669855139085249,2.273648062650487,-2.0200000000000005,15130.701891713548,10.154318570590219,3.774606541918884,1.7376970284427953,101.53247843937366,10.30076712495354,12.021248069613002,11.642267275834955,0.0,0.0,0.0,0.0,19.935914083788834,0.0,11.336785877934737,0.0,6.923737199690624,5.380062770465915,23.573628172378342,0.0,17.154648655769765,0.0,24.503013731580186,0.0,13.4684936056032,5.733667477162185,28.736254611696225,0.0,11.518332492848387,5.733667477162185,5.817862777835028,0.0,11.336785877934737,24.503013731580186,6.544756405912575,6.923737199690624,10.701551691701226,18.034702919995,0.0,11.518332492848387,0.0,82.51,0.0,0.0,0.0,0.0,18.056547178596066,16.525956189701155,6.3273200747645415,17.66410595269928,16.870899617947895,19.935914083788834,5.733667477162185,1.8960185185185185,1.6286745454354579,16.784786391408414,3.0785134269757286,7.358774565381708,1.1447790952800878,0.0,3.1592561885865456,2.615863935080205,0.0,0.2,17,2,6,0,2,2,0,1,1,7,1,7,2,0,0,0,3,1.1733200000000001,64.80440000000002,0,0,0,1,0,5,0,0,0,0,0,0,0,0,0,5,0,1,0,0,0,0,0,0,0,0,0,0,0,1,1,0,0,0,0,0,1,0,0,0,0,0,0,0,0,0,0,1,0,0,0,0,0,0,0,0,0,0,0,0,0,0,0,0,0,0,0,0,0,0,0,0,0,0,0,0,0,0,0,0,1,0,0,0,0
base2079-iso0,rank3_mod,-1.83,0.621,-11.8068,2.0686,1.0,4.0697,0.139,1746,21.210021700000002,4.0476,12.358969521598787,1,5.726531084656084,5.726531084656084,0.4057484830351896,0.4057484830351896,0.7336241734156304,11.117647058823529,246.299,236.219,246.06876531999998,86,0,0.16528051865172938,-0.38173225548291423,0.38173225548291423,0.16528051865172938,1.3529411764705883,2.235294117647059,3.0,32.13348008729574,10.336415346665436,2.146762550572841,-2.0897961512137457,2.2181588398332877,-2.0891930706603246,7.091194425683893,0.7460553353986036,2.9164807038769367,2.011815536940056,627.6051355019694,11.828062645816686,9.160824125908704,9.97732070683643,8.237183443017882,5.061394176915704,5.9410469881706,3.6614550138518753,4.723682010941825,2.428449953762924,3.250775614618284,1.669855139085249,2.273648062650487,-2.0200000000000005,15130.701891713548,10.154318570590219,3.774606541918884,1.7376970284427953,101.53247843937366,10.30076712495354,12.021248069613002,11.642267275834955,0.0,0.0,0.0,0.0,19.935914083788834,0.0,11.336785877934737,0.0,6.923737199690624,5.380062770465915,23.573628172378342,0.0,17.154648655769765,0.0,24.503013731580186,0.0,13.4684936056032,5.733667477162185,28.736254611696225,0.0,11.518332492848387,5.733667477162185,5.817862777835028,0.0,11.336785877934737,24.503013731580186,6.544756405912575,6.923737199690624,10.701551691701226,18.034702919995,0.0,11.518332492848387,0.0,82.51,0.0,0.0,0.0,0.0,18.056547178596066,16.525956189701155,6.3273200747645415,17.66410595269928,16.870899617947895,19.935914083788834,5.733667477162185,1.8960185185185185,1.6286745454354579,16.784786391408414,3.0785134269757286,7.358774565381708,1.1447790952800878,0.0,3.1592561885865456,2.615863935080205,0.0,0.2,17,2,6,0,2,2,0,1,1,7,1,7,2,0,0,0,3,1.1733200000000001,64.80440000000002,0,0,0,1,0,5,0,0,0,0,0,0,0,0,0,5,0,1,0,0,0,0,0,0,0,0,0,0,0,1,1,0,0,0,0,0,1,0,0,0,0,0,0,0,0,0,0,1,0,0,0,0,0,0,0,0,0,0,0,0,0,0,0,0,0,0,0,0,0,0,0,0,0,0,0,0,0,0,0,0,1,0,0,0,0
